representation_index,rebuffering_duration,chunk_duration,framerate,width,height,mos,psnr,ssim,vmaf
0.0,0.0,4.0,25.0,1920.0,1080.0,71.42857142,34.858799999999995,0.9870799999999998,76.94587302
0.0,0.0,4.0,25.0,1920.0,1080.0,62.85714286,33.691300000000005,0.9752999999999998,91.90227408000001
0.0,0.0,4.0,25.0,1920.0,1080.0,68.0,31.212799999999998,0.9612799999999999,86.61555906999999
0.0,0.0,4.0,25.0,1920.0,1080.0,60.0,31.076700000000006,0.9638199999999999,85.37706912000002
0.0,0.0,1.0,25.0,1920.0,1080.0,68.0,31.6068,0.9652799999999999,91.59269740000002
0.0,0.0,1.0,10.0,1920.0,1080.0,64.0,24.8424,0.8111599999999999,49.70302288
0.0,0.0,1.0,25.0,1920.0,1080.0,72.0,31.342800000000008,0.9621200000000001,91.18204899999996
0.0,0.0,1.0,25.0,1920.0,1080.0,71.42857142,31.387200000000004,0.9596399999999998,91.38004992
