representation_index,rebuffering_duration,chunk_duration,framerate,width,height,mos,psnr,ssim,vmaf
7.0,0.0,1.0,25.0,1280.0,720.0,85.71428572,43.15120000000001,0.9862800000000002,94.038008
7.0,0.0,1.0,10.0,1280.0,720.0,84.0,30.4556,0.9452800000000003,43.760156079999994
7.0,0.0,1.0,25.0,1280.0,720.0,76.0,42.258,0.9795999999999999,92.3436406
7.0,0.0,1.0,25.0,1280.0,720.0,92.0,42.04879999999999,0.9809200000000002,90.47163428
7.0,0.0,4.0,25.0,1280.0,720.0,85.71428572,40.9876,0.9741500000000002,90.2439035
7.0,0.0,4.0,25.0,1280.0,720.0,80.0,43.0232,0.9848800000000001,91.34974360000001
7.0,0.0,4.0,25.0,1280.0,720.0,74.54545454,41.8965,0.9835699999999999,91.65610345
7.0,0.0,4.0,25.0,1280.0,720.0,72.0,39.8595,0.9740500000000002,92.04392137999999
