representation_index,rebuffering_duration,chunk_duration,framerate,width,height,mos,psnr,ssim,vmaf
6.0,1.0,1.0,25.0,1280.0,720.0,68.0,31.551999999999992,0.9774,81.52675568
6.0,0.0,1.0,25.0,1280.0,720.0,80.0,12.337600000000002,0.56896,17.978581400000003
6.0,0.0,1.0,25.0,1280.0,720.0,100.0,24.081599999999998,0.8736000000000003,66.97559804000001
6.0,0.0,1.0,25.0,1280.0,720.0,76.0,28.870800000000003,0.9762000000000001,83.54841776
6.0,0.0,4.0,25.0,1280.0,720.0,68.57142858,20.4525,0.7431199999999999,38.98790760999999
6.0,0.0,4.0,25.0,1280.0,720.0,61.81818182,17.790399999999998,0.67999,18.839884849999997
6.0,0.0,4.0,25.0,1280.0,720.0,64.0,17.719,0.67164,16.80565031
6.0,0.0,4.0,25.0,1280.0,720.0,68.57142858,16.178999999999995,0.63419,17.351518809999998
