representation_index,rebuffering_duration,video_bitrate,chunk_duration,framerate,width,height,mos,psnr,ssim,vmaf
2.0,0.0,750.0,1.0,25.0,1280.0,720.0,86.66666665999999,27.0424,0.8768799999999998,53.576741840000004
2.0,0.0,2850.0,1.0,25.0,1280.0,720.0,60.0,32.45159999999999,0.9488399999999999,90.15612203999999
2.0,0.0,2850.0,1.0,25.0,1280.0,720.0,72.0,29.28839999999999,0.9165200000000001,74.92669860000001
2.0,0.0,1850.0,1.0,25.0,1280.0,720.0,68.0,33.3144,0.96036,89.65490388
2.0,2.0,2600.0,4.0,25.0,1280.0,720.0,64.0,32.98740000000001,0.95699,82.76524067
2.0,1.0,2850.0,4.0,25.0,1280.0,720.0,65.71428572,39.7621,0.97609,94.56344695000001
2.0,0.0,2850.0,4.0,25.0,1280.0,720.0,71.42857142,38.9466,0.9663999999999998,94.90625193999999
2.0,0.0,2850.0,4.0,25.0,1280.0,720.0,80.0,42.99589999999999,0.9814499999999999,95.45178881000002
