representation_index,rebuffering_duration,video_bitrate,chunk_duration,framerate,width,height,mos,psnr,ssim,vmaf
2.0,0.0,750.0,1.0,25.0,1280.0,720.0,86.66666665999999,27.041600000000003,0.8767999999999998,53.606956360000005
2.0,0.0,2850.0,1.0,25.0,1280.0,720.0,60.0,26.907600000000002,0.8569600000000002,59.895669760000004
2.0,0.0,2850.0,1.0,25.0,1280.0,720.0,72.0,33.028,0.9551200000000002,90.15243912
2.0,0.0,1850.0,1.0,25.0,1280.0,720.0,68.0,33.3168,0.96048,89.61538712
2.0,2.0,2600.0,4.0,25.0,1280.0,720.0,64.0,30.824800000000003,0.9033999999999999,68.61474401000001
2.0,1.0,2850.0,4.0,25.0,1280.0,720.0,65.71428572,39.7506,0.97608,94.554483
2.0,0.0,2850.0,4.0,25.0,1280.0,720.0,71.42857142,38.9466,0.9663999999999998,94.90625193999999
2.0,0.0,2850.0,4.0,25.0,1280.0,720.0,80.0,42.99589999999999,0.9814499999999999,95.45178881000002
