representation_index,rebuffering_duration,video_bitrate,chunk_duration,framerate,width,height,mos,psnr,ssim,vmaf
2.0,0.0,750.0,1.0,25.0,1280.0,720.0,86.66666665999999,27.040800000000004,0.8768399999999997,53.60943268
2.0,0.0,2850.0,1.0,25.0,1280.0,720.0,60.0,30.608800000000002,0.93176,84.70179999999999
2.0,0.0,2850.0,1.0,25.0,1280.0,720.0,72.0,33.0204,0.9553599999999999,90.19981072
2.0,0.0,1850.0,1.0,25.0,1280.0,720.0,68.0,33.314400000000006,0.9605999999999999,89.61071616000001
2.0,2.0,2600.0,4.0,25.0,1280.0,720.0,64.0,32.0677,0.94739,78.65537547999999
2.0,1.0,2850.0,4.0,25.0,1280.0,720.0,65.71428572,38.970600000000005,0.96803,90.86536323000001
2.0,0.0,2850.0,4.0,25.0,1280.0,720.0,71.42857142,38.9519,0.9663900000000001,94.88889673
2.0,0.0,2850.0,4.0,25.0,1280.0,720.0,80.0,42.65539999999999,0.98144,94.95111133
