representation_index,rebuffering_duration,video_bitrate,chunk_duration,framerate,width,height,mos,psnr,ssim,vmaf
2.0,0.0,750.0,1.0,25.0,1280.0,720.0,86.66666665999999,27.041600000000003,0.8767999999999998,53.606956360000005
2.0,0.0,2850.0,1.0,25.0,1280.0,720.0,60.0,26.907600000000002,0.8569600000000002,59.895669760000004
2.0,0.0,2850.0,1.0,25.0,1280.0,720.0,72.0,33.0276,0.9551200000000002,90.16445908000001
2.0,0.0,1850.0,1.0,25.0,1280.0,720.0,68.0,31.513599999999993,0.9478399999999998,84.81961491999999
2.0,2.0,2600.0,4.0,25.0,1280.0,720.0,64.0,31.576700000000002,0.93741,75.15062925
2.0,1.0,2850.0,4.0,25.0,1280.0,720.0,65.71428572,39.753299999999996,0.9760599999999999,94.55196909
2.0,0.0,2850.0,4.0,25.0,1280.0,720.0,71.42857142,38.719,0.96341,94.08783501999997
2.0,0.0,2850.0,4.0,25.0,1280.0,720.0,80.0,42.978899999999996,0.98119,95.42520981000001
