representation_index,rebuffering_duration,video_bitrate,chunk_duration,framerate,width,height,mos,psnr,ssim,vmaf
2.0,0.0,750.0,1.0,25.0,1280.0,720.0,86.66666665999999,27.0424,0.8768799999999998,53.576741840000004
2.0,0.0,1850.0,1.0,25.0,1280.0,720.0,60.0,32.4484,0.9487599999999997,90.17569931999998
2.0,0.0,2850.0,1.0,25.0,1280.0,720.0,72.0,33.031600000000005,0.95536,90.21745447999997
2.0,2.0,2850.0,1.0,25.0,1280.0,720.0,68.0,27.645599999999998,0.8820799999999999,60.45693584
2.0,0.0,2600.0,4.0,25.0,1280.0,720.0,64.0,31.12940000000001,0.9337,73.53587579
2.0,1.0,2600.0,4.0,25.0,1280.0,720.0,65.71428572,39.259699999999995,0.97036,92.22587447000001
2.0,0.0,2850.0,4.0,25.0,1280.0,720.0,71.42857142,38.9466,0.9663999999999998,94.90625193999999
2.0,0.0,2850.0,4.0,25.0,1280.0,720.0,80.0,42.99589999999999,0.9814499999999999,95.45178881000002
