representation_index,rebuffering_duration,video_bitrate,chunk_duration,framerate,width,height,mos,psnr,ssim,vmaf
2.0,0.0,750.0,1.0,25.0,1280.0,720.0,86.66666665999999,27.040800000000004,0.8768399999999997,53.60943268
2.0,0.0,1850.0,1.0,25.0,1280.0,720.0,60.0,30.608800000000002,0.93176,84.70179999999999
2.0,0.0,2850.0,1.0,25.0,1280.0,720.0,72.0,33.0204,0.9553599999999999,90.19981072
2.0,2.0,2850.0,1.0,25.0,1280.0,720.0,68.0,33.314400000000006,0.9605999999999999,89.61071616000001
2.0,0.0,2600.0,4.0,25.0,1280.0,720.0,64.0,32.9857,0.95697,82.75727670999999
2.0,1.0,2600.0,4.0,25.0,1280.0,720.0,65.71428572,39.754,0.97608,94.56278982
2.0,0.0,2850.0,4.0,25.0,1280.0,720.0,71.42857142,38.9466,0.9663999999999998,94.90625193999999
2.0,0.0,2850.0,4.0,25.0,1280.0,720.0,80.0,42.99589999999999,0.9814499999999999,95.45178881000002
