representation_index,rebuffering_duration,video_bitrate,chunk_duration,framerate,width,height,mos,psnr,ssim,vmaf
2.0,0.0,750.0,1.0,25.0,1280.0,720.0,86.66666665999999,27.0424,0.8768799999999998,53.576741840000004
2.0,0.0,2850.0,1.0,25.0,1280.0,720.0,60.0,32.448,0.9487599999999997,90.17283584
2.0,0.0,2850.0,1.0,25.0,1280.0,720.0,72.0,33.02560000000001,0.9554400000000001,90.16021744
2.0,0.0,1850.0,1.0,25.0,1280.0,720.0,68.0,33.31680000000001,0.9605600000000001,89.60489236000001
2.0,2.0,2600.0,4.0,25.0,1280.0,720.0,64.0,32.9911,0.9570499999999998,82.77635978999999
2.0,1.0,2850.0,4.0,25.0,1280.0,720.0,65.71428572,37.494699999999995,0.94896,82.69993584
2.0,0.0,2850.0,4.0,25.0,1280.0,720.0,71.42857142,38.0749,0.9570799999999999,90.6144203
2.0,0.0,2850.0,4.0,25.0,1280.0,720.0,80.0,42.99609999999999,0.9814499999999999,95.44512000000002
