representation_index,rebuffering_duration,video_bitrate,chunk_duration,framerate,width,height,mos,psnr,ssim,vmaf
2.0,0.0,750.0,1.0,25.0,1280.0,720.0,86.66666665999999,27.040800000000004,0.8768399999999997,53.60943268
2.0,0.0,1850.0,1.0,25.0,1280.0,720.0,60.0,30.608800000000002,0.93176,84.70179999999999
2.0,0.0,2850.0,1.0,25.0,1280.0,720.0,72.0,33.019600000000004,0.95532,90.19653812
2.0,2.0,2850.0,1.0,25.0,1280.0,720.0,68.0,33.3168,0.96056,89.63075228000001
2.0,0.0,2600.0,4.0,25.0,1280.0,720.0,64.0,30.381100000000004,0.89994,67.0531381
2.0,1.0,2600.0,4.0,25.0,1280.0,720.0,65.71428572,37.7877,0.95063,84.22529791999999
2.0,0.0,2850.0,4.0,25.0,1280.0,720.0,71.42857142,38.9466,0.9663999999999998,94.90625193999999
2.0,0.0,2850.0,4.0,25.0,1280.0,720.0,80.0,42.9273,0.9814499999999999,95.33208473999998
