representation_index,rebuffering_duration,video_bitrate,chunk_duration,framerate,width,height,mos,psnr,ssim,vmaf
2.0,0.0,750.0,1.0,25.0,1280.0,720.0,86.66666665999999,27.041200000000003,0.8767999999999998,53.60698548000001
2.0,0.0,2850.0,1.0,25.0,1280.0,720.0,60.0,26.908,0.8569600000000002,59.89026747999999
2.0,0.0,2850.0,1.0,25.0,1280.0,720.0,72.0,31.171999999999997,0.93988,84.72025664000003
2.0,0.0,1850.0,1.0,25.0,1280.0,720.0,68.0,33.314400000000006,0.9604799999999999,89.62808628
2.0,2.0,2600.0,4.0,25.0,1280.0,720.0,64.0,32.986900000000006,0.9569499999999999,82.77427141
2.0,1.0,2850.0,4.0,25.0,1280.0,720.0,65.71428572,39.7596,0.97608,94.5553899
2.0,0.0,2850.0,4.0,25.0,1280.0,720.0,71.42857142,38.9466,0.9663999999999998,94.90625193999999
2.0,0.0,2850.0,4.0,25.0,1280.0,720.0,80.0,42.99589999999999,0.9814499999999999,95.45178881000002
