representation_index,rebuffering_duration,video_bitrate,chunk_duration,framerate,width,height,mos,psnr,ssim,vmaf
2.0,0.0,750.0,1.0,25.0,1280.0,720.0,86.66666665999999,27.0424,0.8768799999999998,53.576741840000004
2.0,0.0,2850.0,1.0,25.0,1280.0,720.0,60.0,32.447599999999994,0.9487599999999997,90.15421004
2.0,0.0,2850.0,1.0,25.0,1280.0,720.0,72.0,31.156,0.94012,84.74371028000002
2.0,0.0,1850.0,1.0,25.0,1280.0,720.0,68.0,33.32000000000001,0.9605199999999999,89.61806799999998
2.0,2.0,2600.0,4.0,25.0,1280.0,720.0,64.0,32.986900000000006,0.957,82.7499378
2.0,1.0,2850.0,4.0,25.0,1280.0,720.0,65.71428572,39.7557,0.97609,94.5506834
2.0,0.0,2850.0,4.0,25.0,1280.0,720.0,71.42857142,38.9492,0.9663999999999998,94.90430391999999
2.0,0.0,2850.0,4.0,25.0,1280.0,720.0,80.0,41.3351,0.9660400000000001,89.75224700000001
