representation_index,rebuffering_duration,video_bitrate,chunk_duration,framerate,width,height,mos,psnr,ssim,vmaf
2.0,0.0,750.0,1.0,25.0,1280.0,720.0,86.66666665999999,27.041600000000003,0.8767999999999998,53.606956360000005
2.0,0.0,2850.0,1.0,25.0,1280.0,720.0,60.0,26.907600000000002,0.8569600000000002,59.895669760000004
2.0,0.0,2850.0,1.0,25.0,1280.0,720.0,72.0,33.0284,0.9551600000000002,90.14789732
2.0,0.0,1850.0,1.0,25.0,1280.0,720.0,68.0,33.327600000000004,0.9607199999999999,89.61726976000001
2.0,2.0,2600.0,4.0,25.0,1280.0,720.0,64.0,31.947700000000005,0.9485699999999999,79.18181821
2.0,1.0,2850.0,4.0,25.0,1280.0,720.0,65.71428572,39.7633,0.9761,94.55748277999999
2.0,0.0,2850.0,4.0,25.0,1280.0,720.0,71.42857142,38.719,0.96341,94.08783501999997
2.0,0.0,2850.0,4.0,25.0,1280.0,720.0,80.0,42.978899999999996,0.98119,95.42520981000001
