representation_index,rebuffering_duration,video_bitrate,chunk_duration,framerate,width,height,mos,psnr,ssim,vmaf
2.0,0.0,750.0,1.0,25.0,1280.0,720.0,86.66666665999999,27.0424,0.8768799999999998,53.576741840000004
2.0,0.0,2850.0,1.0,25.0,1280.0,720.0,60.0,32.448,0.9487599999999997,90.17283584
2.0,0.0,2850.0,1.0,25.0,1280.0,720.0,72.0,33.024,0.9554,90.18433815999998
2.0,0.0,1850.0,1.0,25.0,1280.0,720.0,68.0,31.5112,0.9478399999999998,84.78152496000001
2.0,2.0,2600.0,4.0,25.0,1280.0,720.0,64.0,32.04430000000001,0.94717,78.63415239
2.0,1.0,2850.0,4.0,25.0,1280.0,720.0,65.71428572,39.763,0.97609,94.5727324
2.0,0.0,2850.0,4.0,25.0,1280.0,720.0,71.42857142,38.3948,0.9576899999999999,92.22708080999999
2.0,0.0,2850.0,4.0,25.0,1280.0,720.0,80.0,42.98029999999999,0.9812099999999999,95.42067184000003
