representation_index,rebuffering_duration,video_bitrate,chunk_duration,framerate,width,height,mos,psnr,ssim,vmaf
2.0,0.0,750.0,1.0,25.0,1280.0,720.0,86.66666665999999,27.041200000000003,0.8767599999999998,53.615359479999995
2.0,0.0,2850.0,1.0,25.0,1280.0,720.0,60.0,23.913600000000002,0.7028,33.865319760000006
2.0,0.0,2850.0,1.0,25.0,1280.0,720.0,72.0,33.0308,0.9550800000000002,90.18883292000001
2.0,0.0,1850.0,1.0,25.0,1280.0,720.0,68.0,33.322,0.9606399999999999,89.6353996
2.0,2.0,2600.0,4.0,25.0,1280.0,720.0,64.0,32.0686,0.94682,78.50237837
2.0,1.0,2850.0,4.0,25.0,1280.0,720.0,65.71428572,39.7537,0.97607,94.55827413
2.0,0.0,2850.0,4.0,25.0,1280.0,720.0,71.42857142,38.9464,0.9663799999999999,94.90966188
2.0,0.0,2850.0,4.0,25.0,1280.0,720.0,80.0,42.4631,0.97614,93.67745376999999
