representation_index,rebuffering_duration,video_bitrate,chunk_duration,framerate,width,height,mos,psnr,ssim,vmaf
2.0,0.0,750.0,1.0,25.0,1280.0,720.0,86.66666665999999,27.041600000000003,0.8767999999999998,53.606956360000005
2.0,0.0,2850.0,1.0,25.0,1280.0,720.0,60.0,26.907600000000002,0.8569600000000002,59.895669760000004
2.0,0.0,2850.0,1.0,25.0,1280.0,720.0,72.0,33.028,0.9550800000000002,90.14629608000001
2.0,0.0,1850.0,1.0,25.0,1280.0,720.0,68.0,33.314400000000006,0.9605599999999999,89.6311262
2.0,2.0,2600.0,4.0,25.0,1280.0,720.0,64.0,32.9876,0.9569999999999999,82.76314598
2.0,1.0,2850.0,4.0,25.0,1280.0,720.0,65.71428572,39.013299999999994,0.96902,90.90277602
2.0,0.0,2850.0,4.0,25.0,1280.0,720.0,71.42857142,36.044999999999995,0.9141500000000001,76.68590587
2.0,0.0,2850.0,4.0,25.0,1280.0,720.0,80.0,41.57490000000001,0.96628,90.0430024
