representation_index,rebuffering_duration,video_bitrate,chunk_duration,framerate,width,height,mos,psnr,ssim,vmaf
2.0,0.0,750.0,1.0,25.0,1280.0,720.0,86.66666665999999,27.0424,0.8768799999999998,53.576741840000004
2.0,0.0,1850.0,1.0,25.0,1280.0,720.0,60.0,32.448,0.9487599999999997,90.17283584
2.0,0.0,2850.0,1.0,25.0,1280.0,720.0,72.0,33.02560000000001,0.9554400000000001,90.16021744
2.0,2.0,2850.0,1.0,25.0,1280.0,720.0,68.0,33.31680000000001,0.9605600000000001,89.60489236000001
2.0,0.0,2600.0,4.0,25.0,1280.0,720.0,64.0,32.9881,0.9570099999999999,82.76466477
2.0,1.0,2600.0,4.0,25.0,1280.0,720.0,65.71428572,39.169200000000004,0.9696600000000001,91.74047493
2.0,0.0,2850.0,4.0,25.0,1280.0,720.0,71.42857142,36.9846,0.9245300000000001,81.63059911
2.0,0.0,2850.0,4.0,25.0,1280.0,720.0,80.0,40.8876,0.9494499999999999,84.86870582
