representation_index,rebuffering_duration,video_bitrate,chunk_duration,framerate,width,height,mos,psnr,ssim,vmaf
2.0,0.0,750.0,1.0,25.0,1280.0,720.0,86.66666665999999,27.041600000000003,0.8767999999999998,53.56019392
2.0,0.0,1850.0,1.0,25.0,1280.0,720.0,60.0,28.721600000000002,0.9043599999999999,74.00046292000002
2.0,0.0,2850.0,1.0,25.0,1280.0,720.0,72.0,33.0244,0.9553200000000001,90.16822472000001
2.0,2.0,2850.0,1.0,25.0,1280.0,720.0,68.0,33.318400000000004,0.9605599999999999,89.60964188
2.0,0.0,2600.0,4.0,25.0,1280.0,720.0,64.0,32.98750000000001,0.9569999999999999,82.75643436000001
2.0,1.0,2600.0,4.0,25.0,1280.0,720.0,65.71428572,39.7536,0.97608,94.56354411000001
2.0,0.0,2850.0,4.0,25.0,1280.0,720.0,71.42857142,38.9466,0.9663999999999998,94.90625193999999
2.0,0.0,2850.0,4.0,25.0,1280.0,720.0,80.0,42.99589999999999,0.9814499999999999,95.45178881000002
