representation_index,rebuffering_duration,video_bitrate,chunk_duration,framerate,width,height,mos,psnr,ssim,vmaf
7.0,2.0,750.0,1.0,10.0,1280.0,720.0,85.71428572,29.149999999999995,0.94864,45.53957784
7.0,0.0,750.0,1.0,25.0,1280.0,720.0,84.0,41.076,0.98012,92.85772492
7.0,0.0,2850.0,1.0,25.0,1280.0,720.0,76.0,42.510799999999996,0.98012,92.66923572
7.0,0.0,2850.0,1.0,25.0,1280.0,720.0,92.0,42.0584,0.9810000000000003,90.47783815999999
7.0,2.0,2350.0,4.0,25.0,1280.0,720.0,85.71428572,40.9988,0.97428,90.23584351000001
7.0,0.0,2850.0,4.0,25.0,1280.0,720.0,80.0,43.025600000000004,0.98494,91.36510811
7.0,0.0,2600.0,4.0,25.0,1280.0,720.0,74.54545454,41.8965,0.9835699999999999,91.65610345
7.0,0.0,2850.0,4.0,25.0,1280.0,720.0,72.0,39.8595,0.9740500000000002,92.04392137999999
