representation_index,rebuffering_duration,video_bitrate,chunk_duration,framerate,width,height,mos,psnr,ssim,vmaf
1.0,0.0,2075.0,4.0,30.0,1280.0,720.0,60.0,29.134833333333333,0.9175083333333335,74.72938645833335
1.0,2.0,2600.0,4.0,30.0,1280.0,720.0,62.5,29.969,0.9456916666666667,77.52024306666667
1.0,1.0,2850.0,4.0,30.0,1280.0,720.0,68.88888888,28.307583333333334,0.914725,69.13691417500002
1.0,0.0,2850.0,1.0,30.0,1280.0,720.0,80.0,28.84433333333333,0.9369666666666665,73.54715336666666
1.0,0.0,2850.0,1.0,30.0,1280.0,720.0,80.0,28.94966666666668,0.9346666666666663,72.63503413333335
1.0,0.0,2850.0,1.0,30.0,1280.0,720.0,74.28571428,28.108000000000008,0.9139333333333332,67.77416736666667
1.0,0.0,2850.0,1.0,30.0,1280.0,720.0,93.33333334000001,29.603,0.9498666666666669,77.82646856666666
1.0,0.0,2850.0,4.0,30.0,1280.0,720.0,65.71428572,29.959749999999996,0.949325,78.27315881666667
