representation_index,rebuffering_duration,video_bitrate,chunk_duration,framerate,width,height,mos,psnr,ssim,vmaf
1.0,0.0,2075.0,4.0,30.0,1280.0,720.0,60.0,28.714000000000002,0.9106333333333334,73.1157987
1.0,2.0,2600.0,4.0,30.0,1280.0,720.0,62.5,29.2965,0.9323833333333332,73.87887898333334
1.0,1.0,2850.0,4.0,30.0,1280.0,720.0,68.88888888,29.810166666666667,0.9497333333333333,79.30606546666667
1.0,0.0,2850.0,1.0,30.0,1280.0,720.0,80.0,29.523333333333333,0.9506000000000001,77.38259866666665
1.0,0.0,2850.0,1.0,30.0,1280.0,720.0,80.0,29.677,0.9510000000000002,76.50922053333333
1.0,0.0,2850.0,1.0,30.0,1280.0,720.0,74.28571428,29.625999999999998,0.9510999999999998,78.42373543333333
1.0,0.0,2850.0,1.0,30.0,1280.0,720.0,93.33333334000001,28.164666666666673,0.9155000000000001,68.08042643333332
1.0,0.0,2850.0,4.0,30.0,1280.0,720.0,65.71428572,29.959499999999995,0.9492499999999999,78.26876469999999
