representation_index,rebuffering_duration,video_bitrate,chunk_duration,framerate,width,height,mos,psnr,ssim,vmaf
1.0,0.0,2075.0,4.0,30.0,1280.0,720.0,60.0,29.134833333333333,0.9175083333333335,74.72938645833335
1.0,2.0,2600.0,4.0,30.0,1280.0,720.0,62.5,29.967083333333335,0.9456583333333335,77.51106349166668
1.0,1.0,2850.0,4.0,30.0,1280.0,720.0,68.88888888,27.0885,0.849475,57.04828711666666
1.0,0.0,2850.0,1.0,30.0,1280.0,720.0,80.0,29.522000000000002,0.9506000000000002,77.3989983
1.0,0.0,2850.0,1.0,30.0,1280.0,720.0,80.0,29.677999999999997,0.9510333333333335,76.46818066666667
1.0,0.0,2850.0,1.0,30.0,1280.0,720.0,74.28571428,28.10833333333334,0.9140333333333334,67.79974599999998
1.0,0.0,2850.0,1.0,30.0,1280.0,720.0,93.33333334000001,29.603666666666673,0.9500000000000001,77.8077355
1.0,0.0,2850.0,4.0,30.0,1280.0,720.0,65.71428572,29.968666666666667,0.9494749999999998,78.33205863333335
