representation_index,rebuffering_duration,video_bitrate,chunk_duration,framerate,width,height,mos,psnr,ssim,vmaf
1.0,2.0,2075.0,4.0,30.0,1280.0,720.0,60.0,28.47116666666667,0.8996750000000001,70.03639524166667
1.0,0.0,2600.0,4.0,30.0,1280.0,720.0,62.5,29.969750000000005,0.9457083333333335,77.48339136666667
1.0,1.0,2600.0,4.0,30.0,1280.0,720.0,68.88888888,28.493000000000002,0.9027833333333333,68.44715610833335
1.0,0.0,2850.0,1.0,30.0,1280.0,720.0,80.0,28.895333333333333,0.9383999999999999,73.71214219999999
1.0,0.0,2850.0,1.0,30.0,1280.0,720.0,80.0,28.944666666666667,0.934533333333333,72.64135119999999
1.0,0.0,2850.0,1.0,30.0,1280.0,720.0,74.28571428,24.52733333333333,0.754733333333333,34.483664
1.0,0.0,2850.0,1.0,30.0,1280.0,720.0,93.33333334000001,24.56933333333333,0.7560666666666668,34.2076452
1.0,0.0,2850.0,4.0,30.0,1280.0,720.0,65.71428572,27.186333333333334,0.8479666666666666,56.11555144166668
