representation_index,rebuffering_duration,video_bitrate,chunk_duration,framerate,width,height,mos,psnr,ssim,vmaf
1.0,2.0,2075.0,4.0,30.0,1280.0,720.0,60.0,29.134833333333333,0.9175083333333335,74.72938645833335
1.0,0.0,2600.0,4.0,30.0,1280.0,720.0,62.5,29.969,0.9456916666666667,77.52024306666667
1.0,1.0,2600.0,4.0,30.0,1280.0,720.0,68.88888888,28.961916666666667,0.9309333333333334,73.88705701666667
1.0,0.0,2850.0,1.0,30.0,1280.0,720.0,80.0,29.525333333333336,0.9507333333333334,77.37975326666667
1.0,0.0,2850.0,1.0,30.0,1280.0,720.0,80.0,29.676,0.9509333333333335,76.4828385
1.0,0.0,2850.0,1.0,30.0,1280.0,720.0,74.28571428,29.625999999999998,0.951,78.37996893333334
1.0,0.0,2850.0,1.0,30.0,1280.0,720.0,93.33333334000001,29.606333333333335,0.9502333333333334,77.84816393333335
1.0,0.0,2850.0,4.0,30.0,1280.0,720.0,65.71428572,29.960499999999996,0.949325,78.27366155
