representation_index,rebuffering_duration,video_bitrate,chunk_duration,framerate,width,height,mos,psnr,ssim,vmaf
1.0,0.0,2075.0,4.0,30.0,1280.0,720.0,60.0,29.134833333333333,0.9175083333333335,74.72938645833335
1.0,2.0,2600.0,4.0,30.0,1280.0,720.0,62.5,29.96858333333333,0.9456916666666667,77.524378375
1.0,1.0,2850.0,4.0,30.0,1280.0,720.0,68.88888888,29.810916666666667,0.9497416666666667,79.30825079166667
1.0,0.0,2850.0,1.0,30.0,1280.0,720.0,80.0,28.003999999999998,0.9168666666666669,67.15629733333331
1.0,0.0,2850.0,1.0,30.0,1280.0,720.0,80.0,28.101666666666674,0.9123,66.53716080000001
1.0,0.0,2850.0,1.0,30.0,1280.0,720.0,74.28571428,29.018333333333334,0.9388999999999998,74.29833680000002
1.0,0.0,2850.0,1.0,30.0,1280.0,720.0,93.33333334000001,28.981,0.9369666666666666,74.28523313333335
1.0,0.0,2850.0,4.0,30.0,1280.0,720.0,65.71428572,29.542166666666663,0.9413916666666665,76.18911649166665
