representation_index,rebuffering_duration,video_bitrate,chunk_duration,framerate,width,height,mos,psnr,ssim,vmaf
1.0,2.0,2075.0,4.0,30.0,1280.0,720.0,60.0,29.134833333333333,0.9175083333333335,74.72938645833335
1.0,0.0,2600.0,4.0,30.0,1280.0,720.0,62.5,29.96858333333333,0.9456916666666667,77.524378375
1.0,1.0,2600.0,4.0,30.0,1280.0,720.0,68.88888888,29.407666666666664,0.941225,76.78479074166668
1.0,0.0,2850.0,1.0,30.0,1280.0,720.0,80.0,29.51766666666667,0.9503666666666669,77.33373133333335
1.0,0.0,2850.0,1.0,30.0,1280.0,720.0,80.0,29.67833333333333,0.9510000000000002,76.4946967
1.0,0.0,2850.0,1.0,30.0,1280.0,720.0,74.28571428,28.924666666666663,0.9359666666666663,74.1487457
1.0,0.0,2850.0,1.0,30.0,1280.0,720.0,93.33333334000001,24.563333333333333,0.7562333333333335,34.33555650000001
1.0,0.0,2850.0,4.0,30.0,1280.0,720.0,65.71428572,28.5175,0.9127166666666665,68.12527271666667
