representation_index,rebuffering_duration,video_bitrate,chunk_duration,framerate,width,height,mos,psnr,ssim,vmaf
1.0,0.0,2075.0,4.0,30.0,1280.0,720.0,60.0,28.46966666666667,0.8996416666666667,70.03731383333333
1.0,2.0,2600.0,4.0,30.0,1280.0,720.0,62.5,28.32175,0.8852333333333332,65.24604457500001
1.0,1.0,2850.0,4.0,30.0,1280.0,720.0,68.88888888,29.801166666666667,0.9495750000000001,79.293305675
1.0,0.0,2850.0,1.0,30.0,1280.0,720.0,80.0,29.521000000000004,0.9506000000000002,77.3433592
1.0,0.0,2850.0,1.0,30.0,1280.0,720.0,80.0,29.69866666666667,0.9511666666666668,76.61524170000001
1.0,0.0,2850.0,1.0,30.0,1280.0,720.0,74.28571428,29.624666666666666,0.9510000000000002,78.42285240000001
1.0,0.0,2850.0,1.0,30.0,1280.0,720.0,93.33333334000001,29.603666666666665,0.9502333333333334,77.82155280000002
1.0,0.0,2850.0,4.0,30.0,1280.0,720.0,65.71428572,29.96408333333333,0.949425,78.31489484166667
