representation_index,rebuffering_duration,video_bitrate,chunk_duration,framerate,width,height,mos,psnr,ssim,vmaf
1.0,2.0,2075.0,4.0,30.0,1280.0,720.0,60.0,28.47116666666667,0.8996750000000001,70.03639524166667
1.0,0.0,2600.0,4.0,30.0,1280.0,720.0,62.5,29.56508333333333,0.9365833333333333,74.8940191
1.0,1.0,2600.0,4.0,30.0,1280.0,720.0,68.88888888,29.618333333333332,0.9458166666666666,78.26799880833332
1.0,0.0,2850.0,1.0,30.0,1280.0,720.0,80.0,29.52466666666667,0.9506666666666668,77.41566826666669
1.0,0.0,2850.0,1.0,30.0,1280.0,720.0,80.0,29.678000000000004,0.9510333333333334,76.47864976666666
1.0,0.0,2850.0,1.0,30.0,1280.0,720.0,74.28571428,29.625666666666667,0.9509666666666666,78.42383380000001
1.0,0.0,2850.0,1.0,30.0,1280.0,720.0,93.33333334000001,29.604000000000003,0.9501666666666668,77.80271040000002
1.0,0.0,2850.0,4.0,30.0,1280.0,720.0,65.71428572,29.96008333333333,0.9493333333333331,78.264349925
