representation_index,rebuffering_duration,video_bitrate,chunk_duration,framerate,width,height,mos,psnr,ssim,vmaf
1.0,0.0,2075.0,4.0,30.0,1280.0,720.0,60.0,28.47116666666667,0.8996750000000001,70.03639524166667
1.0,2.0,2600.0,4.0,30.0,1280.0,720.0,62.5,29.969750000000005,0.9457083333333335,77.48339136666667
1.0,1.0,2850.0,4.0,30.0,1280.0,720.0,68.88888888,29.810916666666664,0.9497416666666667,79.32179575833332
1.0,0.0,2850.0,1.0,30.0,1280.0,720.0,80.0,28.843999999999998,0.9373333333333331,73.58889663333333
1.0,0.0,2850.0,1.0,30.0,1280.0,720.0,80.0,29.583666666666666,0.9481333333333333,76.31283006666666
1.0,0.0,2850.0,1.0,30.0,1280.0,720.0,74.28571428,29.624666666666666,0.9509333333333334,78.39582560000001
1.0,0.0,2850.0,1.0,30.0,1280.0,720.0,93.33333334000001,29.601000000000003,0.9501333333333335,77.81087066666666
1.0,0.0,2850.0,4.0,30.0,1280.0,720.0,65.71428572,29.960499999999996,0.949325,78.27777374166666
