representation_index,rebuffering_duration,video_bitrate,chunk_duration,framerate,width,height,mos,psnr,ssim,vmaf
1.0,0.0,2075.0,4.0,30.0,1280.0,720.0,60.0,27.853,0.8695666666666666,64.6779627
1.0,2.0,2600.0,4.0,30.0,1280.0,720.0,62.5,29.565833333333334,0.9365749999999999,74.90562952500001
1.0,1.0,2850.0,4.0,30.0,1280.0,720.0,68.88888888,29.810083333333335,0.949725,79.312730425
1.0,0.0,2850.0,1.0,30.0,1280.0,720.0,80.0,29.523333333333333,0.9506000000000001,77.38259866666665
1.0,0.0,2850.0,1.0,30.0,1280.0,720.0,80.0,29.677,0.9510000000000002,76.50738283333332
1.0,0.0,2850.0,1.0,30.0,1280.0,720.0,74.28571428,29.624666666666666,0.9510333333333333,78.47274723333332
1.0,0.0,2850.0,1.0,30.0,1280.0,720.0,93.33333334000001,29.60533333333333,0.9502666666666667,77.81700413333333
1.0,0.0,2850.0,4.0,30.0,1280.0,720.0,65.71428572,29.54258333333333,0.9414499999999998,76.19423630833333
