representation_index,rebuffering_duration,video_bitrate,chunk_duration,framerate,width,height,mos,psnr,ssim,vmaf
1.0,0.0,2075.0,4.0,30.0,1280.0,720.0,60.0,28.47116666666667,0.8996750000000001,70.03639524166667
1.0,2.0,2600.0,4.0,30.0,1280.0,720.0,62.5,29.969750000000005,0.9457083333333335,77.48339136666667
1.0,1.0,2850.0,4.0,30.0,1280.0,720.0,68.88888888,29.810583333333334,0.9497583333333334,79.31780715
1.0,0.0,2850.0,1.0,30.0,1280.0,720.0,80.0,29.523333333333333,0.9506000000000001,77.38259866666665
1.0,0.0,2850.0,1.0,30.0,1280.0,720.0,80.0,29.677,0.9510000000000002,76.50869333333334
1.0,0.0,2850.0,1.0,30.0,1280.0,720.0,74.28571428,29.625,0.9510333333333333,78.46375923333335
1.0,0.0,2850.0,1.0,30.0,1280.0,720.0,93.33333334000001,29.007333333333335,0.9379666666666665,74.39035916666668
1.0,0.0,2850.0,4.0,30.0,1280.0,720.0,65.71428572,29.960166666666662,0.9493166666666666,78.27850950833333
