representation_index,rebuffering_duration,video_bitrate,chunk_duration,framerate,width,height,mos,psnr,ssim,vmaf
1.0,2.0,2075.0,4.0,30.0,1280.0,720.0,60.0,29.134833333333333,0.9175083333333335,74.72938645833335
1.0,0.0,2600.0,4.0,30.0,1280.0,720.0,62.5,29.96858333333333,0.9456916666666667,77.524378375
1.0,1.0,2600.0,4.0,30.0,1280.0,720.0,68.88888888,29.8105,0.9497333333333333,79.31527831666666
1.0,0.0,2850.0,1.0,30.0,1280.0,720.0,80.0,29.523666666666667,0.9506000000000001,77.38311403333333
1.0,0.0,2850.0,1.0,30.0,1280.0,720.0,80.0,29.678333333333335,0.9510666666666668,76.47181810000001
1.0,0.0,2850.0,1.0,30.0,1280.0,720.0,74.28571428,28.107333333333337,0.9139999999999999,67.8258208
1.0,0.0,2850.0,1.0,30.0,1280.0,720.0,93.33333334000001,29.602333333333334,0.9499333333333336,77.7996589
1.0,0.0,2850.0,4.0,30.0,1280.0,720.0,65.71428572,29.201583333333332,0.9296333333333332,73.01711169166667
