representation_index,rebuffering_duration,video_bitrate,chunk_duration,framerate,width,height,mos,psnr,ssim,vmaf
1.0,2.0,2075.0,4.0,30.0,1280.0,720.0,60.0,29.134833333333333,0.9175083333333335,74.72938645833335
1.0,0.0,2600.0,4.0,30.0,1280.0,720.0,62.5,29.96858333333333,0.9456916666666667,77.524378375
1.0,1.0,2600.0,4.0,30.0,1280.0,720.0,68.88888888,29.8105,0.949725,79.31590065
1.0,0.0,2850.0,1.0,30.0,1280.0,720.0,80.0,29.524333333333338,0.9507000000000002,77.36677986666669
1.0,0.0,2850.0,1.0,30.0,1280.0,720.0,80.0,29.015666666666675,0.9368999999999998,72.78513509999999
1.0,0.0,2850.0,1.0,30.0,1280.0,720.0,74.28571428,29.625333333333334,0.9509333333333334,78.47198279999998
1.0,0.0,2850.0,1.0,30.0,1280.0,720.0,93.33333334000001,29.60733333333333,0.9501666666666668,77.85642643333333
1.0,0.0,2850.0,4.0,30.0,1280.0,720.0,65.71428572,29.542416666666664,0.9414249999999998,76.19061572499999
