representation_index,rebuffering_duration,video_bitrate,chunk_duration,framerate,width,height,mos,psnr,ssim,vmaf
1.0,0.0,2075.0,4.0,30.0,1280.0,720.0,60.0,29.134833333333333,0.9175083333333335,74.72938645833335
1.0,2.0,2600.0,4.0,30.0,1280.0,720.0,62.5,29.96858333333333,0.9456916666666667,77.524378375
1.0,1.0,2850.0,4.0,30.0,1280.0,720.0,68.88888888,29.618333333333332,0.9458083333333333,78.26087064166667
1.0,0.0,2850.0,1.0,30.0,1280.0,720.0,80.0,28.845000000000002,0.9373333333333331,73.62597180000002
1.0,0.0,2850.0,1.0,30.0,1280.0,720.0,80.0,29.584333333333333,0.9481333333333333,76.28866713333335
1.0,0.0,2850.0,1.0,30.0,1280.0,720.0,74.28571428,29.626,0.9509666666666666,78.39072223333332
1.0,0.0,2850.0,1.0,30.0,1280.0,720.0,93.33333334000001,29.604666666666667,0.9501333333333336,77.81560726666666
1.0,0.0,2850.0,4.0,30.0,1280.0,720.0,65.71428572,29.96058333333333,0.9493333333333331,78.27347284999999
