representation_index,rebuffering_duration,video_bitrate,chunk_duration,framerate,width,height,mos,psnr,ssim,vmaf
1.0,2.0,2075.0,4.0,30.0,1280.0,720.0,60.0,29.134833333333333,0.9175083333333335,74.72938645833335
1.0,0.0,2600.0,4.0,30.0,1280.0,720.0,62.5,29.96858333333333,0.9456916666666667,77.524399325
1.0,1.0,2600.0,4.0,30.0,1280.0,720.0,68.88888888,29.146916666666666,0.9329583333333334,74.44297336666668
1.0,0.0,2850.0,1.0,30.0,1280.0,720.0,80.0,29.523666666666667,0.9506000000000002,77.4002029
1.0,0.0,2850.0,1.0,30.0,1280.0,720.0,80.0,29.678,0.9510000000000002,76.49664746666669
1.0,0.0,2850.0,1.0,30.0,1280.0,720.0,74.28571428,28.933999999999994,0.9360999999999998,74.18437736666668
1.0,0.0,2850.0,1.0,30.0,1280.0,720.0,93.33333334000001,29.567666666666675,0.9492333333333335,77.67630820000001
1.0,0.0,2850.0,4.0,30.0,1280.0,720.0,65.71428572,29.960499999999996,0.9493333333333331,78.28069031666666
