representation_index,rebuffering_duration,video_bitrate,chunk_duration,framerate,width,height,mos,psnr,ssim,vmaf
1.0,0.0,2075.0,4.0,30.0,1280.0,720.0,60.0,28.47116666666667,0.8996750000000001,70.03639524166667
1.0,2.0,2600.0,4.0,30.0,1280.0,720.0,62.5,29.969750000000005,0.9457083333333335,77.48371446666667
1.0,1.0,2850.0,4.0,30.0,1280.0,720.0,68.88888888,29.39158333333333,0.94065,76.72619344166667
1.0,0.0,2850.0,1.0,30.0,1280.0,720.0,80.0,29.523000000000003,0.9506666666666668,77.43795760000002
1.0,0.0,2850.0,1.0,30.0,1280.0,720.0,80.0,29.678666666666672,0.9511000000000002,76.46618870000002
1.0,0.0,2850.0,1.0,30.0,1280.0,720.0,74.28571428,29.623,0.9509666666666666,78.4235682
1.0,0.0,2850.0,1.0,30.0,1280.0,720.0,93.33333334000001,29.604,0.9501666666666667,77.8419519
1.0,0.0,2850.0,4.0,30.0,1280.0,720.0,65.71428572,29.960416666666664,0.9493333333333331,78.26744594166667
