representation_index,rebuffering_duration,video_bitrate,chunk_duration,framerate,width,height,mos,psnr,ssim,vmaf
1.0,2.0,2075.0,4.0,30.0,1280.0,720.0,60.0,29.134833333333333,0.9175083333333335,74.72938645833335
1.0,0.0,2600.0,4.0,30.0,1280.0,720.0,62.5,29.96858333333333,0.9456916666666667,77.524378375
1.0,1.0,2600.0,4.0,30.0,1280.0,720.0,68.88888888,28.47,0.8992249999999999,67.94462559166666
1.0,0.0,2850.0,1.0,30.0,1280.0,720.0,80.0,29.522000000000002,0.9505666666666669,77.42791896666664
1.0,0.0,2850.0,1.0,30.0,1280.0,720.0,80.0,29.678333333333335,0.9510000000000001,76.47823203333336
1.0,0.0,2850.0,1.0,30.0,1280.0,720.0,74.28571428,28.935333333333336,0.9360999999999997,74.19032883333333
1.0,0.0,2850.0,1.0,30.0,1280.0,720.0,93.33333334000001,29.567,0.9492333333333335,77.71107613333331
1.0,0.0,2850.0,4.0,30.0,1280.0,720.0,65.71428572,29.960166666666662,0.9493333333333331,78.271283625
