representation_index,rebuffering_duration,video_bitrate,chunk_duration,framerate,width,height,mos,psnr,ssim,vmaf
1.0,0.0,2075.0,4.0,30.0,1280.0,720.0,60.0,29.134833333333333,0.9175083333333335,74.72938645833335
1.0,2.0,2600.0,4.0,30.0,1280.0,720.0,62.5,29.967083333333335,0.9456583333333335,77.51106349166668
1.0,1.0,2850.0,4.0,30.0,1280.0,720.0,68.88888888,27.0885,0.849475,57.04828711666666
1.0,0.0,2850.0,1.0,30.0,1280.0,720.0,80.0,29.522000000000002,0.9506000000000002,77.39900580000001
1.0,0.0,2850.0,1.0,30.0,1280.0,720.0,80.0,29.677333333333333,0.9511333333333334,76.44569706666668
1.0,0.0,2850.0,1.0,30.0,1280.0,720.0,74.28571428,29.626,0.9509666666666666,78.3998775
1.0,0.0,2850.0,1.0,30.0,1280.0,720.0,93.33333334000001,29.603666666666665,0.9501333333333335,77.81877376666668
1.0,0.0,2850.0,4.0,30.0,1280.0,720.0,65.71428572,29.969083333333334,0.9494833333333331,78.332098525
