representation_index,rebuffering_duration,video_bitrate,chunk_duration,framerate,width,height,mos,psnr,ssim,vmaf
1.0,2.0,2075.0,4.0,30.0,1280.0,720.0,60.0,29.134833333333333,0.9175083333333335,74.72938645833335
1.0,0.0,2600.0,4.0,30.0,1280.0,720.0,62.5,29.96858333333333,0.9456916666666667,77.524378375
1.0,1.0,2600.0,4.0,30.0,1280.0,720.0,68.88888888,29.8105,0.9497333333333333,79.31527831666666
1.0,0.0,2850.0,1.0,30.0,1280.0,720.0,80.0,29.523333333333333,0.9506000000000001,77.38259866666665
1.0,0.0,2850.0,1.0,30.0,1280.0,720.0,80.0,29.677,0.9510000000000002,76.50869333333334
1.0,0.0,2850.0,1.0,30.0,1280.0,720.0,74.28571428,29.625333333333334,0.9510333333333333,78.4640809666667
1.0,0.0,2850.0,1.0,30.0,1280.0,720.0,93.33333334000001,29.008,0.9379666666666665,74.40680273333334
1.0,0.0,2850.0,4.0,30.0,1280.0,720.0,65.71428572,28.322916666666664,0.9120166666666665,68.22689493333334
