representation_index,rebuffering_duration,video_bitrate,chunk_duration,framerate,width,height,mos,psnr,ssim,vmaf
1.0,0.0,2075.0,4.0,30.0,1280.0,720.0,60.0,29.134833333333333,0.9175083333333335,74.72938645833335
1.0,2.0,2600.0,4.0,30.0,1280.0,720.0,62.5,29.96858333333333,0.9456916666666667,77.524378375
1.0,1.0,2850.0,4.0,30.0,1280.0,720.0,68.88888888,29.810833333333335,0.949725,79.319347375
1.0,0.0,2850.0,1.0,30.0,1280.0,720.0,80.0,28.844333333333335,0.9373999999999999,73.58004156666668
1.0,0.0,2850.0,1.0,30.0,1280.0,720.0,80.0,28.949000000000012,0.9346666666666663,72.70039656666664
1.0,0.0,2850.0,1.0,30.0,1280.0,720.0,74.28571428,29.627666666666663,0.9509333333333334,78.4386854
1.0,0.0,2850.0,1.0,30.0,1280.0,720.0,93.33333334000001,29.60533333333333,0.9501666666666667,77.83874846666666
1.0,0.0,2850.0,4.0,30.0,1280.0,720.0,65.71428572,29.960666666666665,0.9493333333333331,78.26504819166666
