representation_index,rebuffering_duration,video_bitrate,chunk_duration,framerate,width,height,mos,psnr,ssim,vmaf
1.0,0.0,2075.0,4.0,30.0,1280.0,720.0,60.0,29.134833333333333,0.9175083333333335,74.72938645833335
1.0,2.0,2600.0,4.0,30.0,1280.0,720.0,62.5,29.96858333333333,0.9456916666666667,77.524378375
1.0,1.0,2850.0,4.0,30.0,1280.0,720.0,68.88888888,29.407416666666666,0.9411833333333333,76.77518331666667
1.0,0.0,2850.0,1.0,30.0,1280.0,720.0,80.0,28.835,0.9368333333333332,73.57679189999998
1.0,0.0,2850.0,1.0,30.0,1280.0,720.0,80.0,28.951000000000015,0.934633333333333,72.74034243333332
1.0,0.0,2850.0,1.0,30.0,1280.0,720.0,74.28571428,29.624333333333333,0.9509666666666666,78.43793120000001
1.0,0.0,2850.0,1.0,30.0,1280.0,720.0,93.33333334000001,29.009999999999998,0.9380666666666664,74.40598890000001
1.0,0.0,2850.0,4.0,30.0,1280.0,720.0,65.71428572,28.051499999999994,0.9020916666666666,65.27037034166668
