representation_index,rebuffering_duration,video_bitrate,chunk_duration,framerate,width,height,mos,psnr,ssim,vmaf
1.0,0.0,2075.0,4.0,30.0,1280.0,720.0,60.0,29.134833333333333,0.9175083333333335,74.72938645833335
1.0,2.0,2600.0,4.0,30.0,1280.0,720.0,62.5,29.96858333333333,0.9456916666666667,77.524378375
1.0,1.0,2850.0,4.0,30.0,1280.0,720.0,68.88888888,29.8105,0.9497333333333333,79.31510180833334
1.0,0.0,2850.0,1.0,30.0,1280.0,720.0,80.0,29.512333333333338,0.9503666666666668,77.33003039999998
1.0,0.0,2850.0,1.0,30.0,1280.0,720.0,80.0,24.316666666666666,0.7574333333333333,33.843698100000005
1.0,0.0,2850.0,1.0,30.0,1280.0,720.0,74.28571428,28.141666666666666,0.9153333333333332,67.70837299999998
1.0,0.0,2850.0,1.0,30.0,1280.0,720.0,93.33333334000001,29.604000000000003,0.9499666666666668,77.80218283333335
1.0,0.0,2850.0,4.0,30.0,1280.0,720.0,65.71428572,29.959999999999997,0.949325,78.27465460833334
