representation_index,rebuffering_duration,video_bitrate,chunk_duration,framerate,width,height,mos,psnr,ssim,vmaf
1.0,0.0,2075.0,4.0,30.0,1280.0,720.0,60.0,29.134833333333333,0.9175083333333335,74.72938645833335
1.0,2.0,2600.0,4.0,30.0,1280.0,720.0,62.5,29.763166666666663,0.9419083333333333,76.458527125
1.0,1.0,2850.0,4.0,30.0,1280.0,720.0,68.88888888,29.809250000000002,0.9497166666666667,79.31449409166666
1.0,0.0,2850.0,1.0,30.0,1280.0,720.0,80.0,29.523333333333333,0.9506000000000001,77.38259866666665
1.0,0.0,2850.0,1.0,30.0,1280.0,720.0,80.0,29.677,0.9510000000000002,76.50738283333332
1.0,0.0,2850.0,1.0,30.0,1280.0,720.0,74.28571428,29.624666666666666,0.9510333333333333,78.47238343333332
1.0,0.0,2850.0,1.0,30.0,1280.0,720.0,93.33333334000001,29.60466666666667,0.9501666666666668,77.8388304
1.0,0.0,2850.0,4.0,30.0,1280.0,720.0,65.71428572,29.546666666666667,0.9417333333333332,76.29425225000001
