representation_index,rebuffering_duration,video_bitrate,chunk_duration,framerate,width,height,mos,psnr,ssim,vmaf
1.0,0.0,2075.0,4.0,30.0,1280.0,720.0,60.0,28.92866666666667,0.9132083333333334,73.64637060833334
1.0,2.0,2600.0,4.0,30.0,1280.0,720.0,62.5,29.970916666666668,0.9457333333333332,77.48474051666668
1.0,1.0,2850.0,4.0,30.0,1280.0,720.0,68.88888888,29.810499999999998,0.9497166666666668,79.32230701666667
1.0,0.0,2850.0,1.0,30.0,1280.0,720.0,80.0,28.844333333333335,0.9373999999999999,73.58004156666668
1.0,0.0,2850.0,1.0,30.0,1280.0,720.0,80.0,28.949000000000012,0.9346666666666663,72.70039656666664
1.0,0.0,2850.0,1.0,30.0,1280.0,720.0,74.28571428,29.627666666666663,0.9509333333333334,78.4386854
1.0,0.0,2850.0,1.0,30.0,1280.0,720.0,93.33333334000001,29.60533333333333,0.9501666666666667,77.83874846666666
1.0,0.0,2850.0,4.0,30.0,1280.0,720.0,65.71428572,29.960666666666665,0.9493333333333331,78.26504819166666
