representation_index,rebuffering_duration,video_bitrate,chunk_duration,framerate,width,height,mos,psnr,ssim,vmaf
1.0,0.0,2075.0,4.0,30.0,1280.0,720.0,60.0,28.71425,0.9075416666666667,72.10240642500003
1.0,2.0,2600.0,4.0,30.0,1280.0,720.0,62.5,29.9685,0.9457,77.49709485000001
1.0,1.0,2850.0,4.0,30.0,1280.0,720.0,68.88888888,29.81041666666667,0.9497333333333333,79.31357538333333
1.0,0.0,2850.0,1.0,30.0,1280.0,720.0,80.0,29.523666666666667,0.9506000000000001,77.38311403333333
1.0,0.0,2850.0,1.0,30.0,1280.0,720.0,80.0,29.678333333333335,0.9510666666666668,76.47181810000001
1.0,0.0,2850.0,1.0,30.0,1280.0,720.0,74.28571428,28.107333333333337,0.9139999999999999,67.8258208
1.0,0.0,2850.0,1.0,30.0,1280.0,720.0,93.33333334000001,29.602333333333334,0.9499333333333336,77.7996589
1.0,0.0,2850.0,4.0,30.0,1280.0,720.0,65.71428572,29.960166666666662,0.9493333333333331,78.2840961
