representation_index,rebuffering_duration,video_bitrate,chunk_duration,framerate,width,height,mos,psnr,ssim,vmaf
1.0,2.0,2075.0,4.0,30.0,1280.0,720.0,60.0,28.927500000000002,0.9131833333333333,73.63566520833334
1.0,0.0,2600.0,4.0,30.0,1280.0,720.0,62.5,28.11633333333333,0.8814583333333335,64.21632798333334
1.0,1.0,2600.0,4.0,30.0,1280.0,720.0,68.88888888,28.414249999999996,0.9139250000000001,69.07562100833333
1.0,0.0,2850.0,1.0,30.0,1280.0,720.0,80.0,29.524,0.9506000000000001,77.40903630000001
1.0,0.0,2850.0,1.0,30.0,1280.0,720.0,80.0,29.69933333333334,0.9512333333333335,76.63967736666669
1.0,0.0,2850.0,1.0,30.0,1280.0,720.0,74.28571428,29.624666666666666,0.9510000000000002,78.42285240000001
1.0,0.0,2850.0,1.0,30.0,1280.0,720.0,93.33333334000001,29.603666666666665,0.9502333333333334,77.82155280000002
1.0,0.0,2850.0,4.0,30.0,1280.0,720.0,65.71428572,29.764083333333332,0.9457499999999999,77.32647230833332
