representation_index,rebuffering_duration,video_bitrate,chunk_duration,framerate,width,height,mos,psnr,ssim,vmaf
1.0,0.0,2075.0,4.0,30.0,1280.0,720.0,60.0,28.784833333333335,0.9103416666666666,73.05399825
1.0,2.0,2600.0,4.0,30.0,1280.0,720.0,62.5,29.967,0.9456833333333334,77.47441884999999
1.0,1.0,2850.0,4.0,30.0,1280.0,720.0,68.88888888,29.811,0.9497333333333333,79.31676416666666
1.0,0.0,2850.0,1.0,30.0,1280.0,720.0,80.0,29.523333333333333,0.9506000000000001,77.38259866666665
1.0,0.0,2850.0,1.0,30.0,1280.0,720.0,80.0,29.677,0.9510000000000002,76.50738283333332
1.0,0.0,2850.0,1.0,30.0,1280.0,720.0,74.28571428,29.624666666666666,0.9510333333333333,78.47136156666666
1.0,0.0,2850.0,1.0,30.0,1280.0,720.0,93.33333334000001,29.609333333333332,0.9503,77.87853463333335
1.0,0.0,2850.0,4.0,30.0,1280.0,720.0,65.71428572,28.41266666666667,0.9158833333333333,69.09112281666665
