representation_index,rebuffering_duration,video_bitrate,chunk_duration,framerate,width,height,mos,psnr,ssim,vmaf
1.0,0.0,2075.0,4.0,30.0,1280.0,720.0,60.0,29.134833333333333,0.9175083333333335,74.72938645833335
1.0,2.0,2600.0,4.0,30.0,1280.0,720.0,62.5,29.96858333333333,0.9456916666666667,77.524378375
1.0,1.0,2850.0,4.0,30.0,1280.0,720.0,68.88888888,29.436083333333336,0.9424666666666666,77.28563675833334
1.0,0.0,2850.0,1.0,30.0,1280.0,720.0,80.0,28.841333333333335,0.9370999999999998,73.58305313333334
1.0,0.0,2850.0,1.0,30.0,1280.0,720.0,80.0,28.95000000000001,0.934633333333333,72.62999119999998
1.0,0.0,2850.0,1.0,30.0,1280.0,720.0,74.28571428,27.188333333333336,0.8808000000000001,58.44458640000003
1.0,0.0,2850.0,1.0,30.0,1280.0,720.0,93.33333334000001,27.129333333333324,0.8808,58.36001543333334
1.0,0.0,2850.0,4.0,30.0,1280.0,720.0,65.71428572,28.320999999999998,0.9087249999999998,67.04993013333333
