representation_index,rebuffering_duration,video_bitrate,chunk_duration,framerate,width,height,mos,psnr,ssim,vmaf
1.0,0.0,2075.0,4.0,30.0,1280.0,720.0,60.0,28.92866666666667,0.9132083333333334,73.64637060833334
1.0,2.0,2600.0,4.0,30.0,1280.0,720.0,62.5,29.765083333333333,0.94195,76.44241760833333
1.0,1.0,2850.0,4.0,30.0,1280.0,720.0,68.88888888,29.620416666666667,0.9460000000000001,78.30690348333334
1.0,0.0,2850.0,1.0,30.0,1280.0,720.0,80.0,29.524333333333335,0.9505666666666669,77.39620543333334
1.0,0.0,2850.0,1.0,30.0,1280.0,720.0,80.0,29.67666666666667,0.9510333333333334,76.44051183333333
1.0,0.0,2850.0,1.0,30.0,1280.0,720.0,74.28571428,29.625999999999998,0.9510333333333333,78.387866
1.0,0.0,2850.0,1.0,30.0,1280.0,720.0,93.33333334000001,29.603666666666673,0.9501000000000002,77.79427956666669
1.0,0.0,2850.0,4.0,30.0,1280.0,720.0,65.71428572,29.960166666666662,0.9493333333333331,78.27800424166666
