representation_index,rebuffering_duration,video_bitrate,chunk_duration,framerate,width,height,mos,psnr,ssim,vmaf
1.0,0.0,2075.0,4.0,30.0,1280.0,720.0,60.0,28.47116666666667,0.8996750000000001,70.03639524166667
1.0,2.0,2600.0,4.0,30.0,1280.0,720.0,62.5,29.969750000000005,0.9457083333333335,77.48339136666667
1.0,1.0,2850.0,4.0,30.0,1280.0,720.0,68.88888888,28.99491666666667,0.9316,73.95938793333333
1.0,0.0,2850.0,1.0,30.0,1280.0,720.0,80.0,27.99366666666666,0.9163333333333336,67.11379553333333
1.0,0.0,2850.0,1.0,30.0,1280.0,720.0,80.0,28.943333333333342,0.934433333333333,72.61884836666667
1.0,0.0,2850.0,1.0,30.0,1280.0,720.0,74.28571428,28.10466666666667,0.9137666666666665,67.77637929999999
1.0,0.0,2850.0,1.0,30.0,1280.0,720.0,93.33333334000001,24.56433333333334,0.7562333333333335,34.33761913333334
1.0,0.0,2850.0,4.0,30.0,1280.0,720.0,65.71428572,28.866083333333332,0.9259416666666667,71.86837215833333
