representation_index,rebuffering_duration,video_bitrate,chunk_duration,framerate,width,height,mos,psnr,ssim,vmaf
1.0,0.0,2075.0,4.0,30.0,1280.0,720.0,60.0,28.47141666666667,0.8996833333333334,70.03605145833333
1.0,2.0,2600.0,4.0,30.0,1280.0,720.0,62.5,29.418416666666666,0.936425,74.87653528333331
1.0,1.0,2850.0,4.0,30.0,1280.0,720.0,68.88888888,29.8105,0.9497333333333333,79.31723080833333
1.0,0.0,2850.0,1.0,30.0,1280.0,720.0,80.0,29.523333333333333,0.9506000000000001,77.38259866666665
1.0,0.0,2850.0,1.0,30.0,1280.0,720.0,80.0,29.677,0.9510000000000002,76.50869333333334
1.0,0.0,2850.0,1.0,30.0,1280.0,720.0,74.28571428,29.625,0.9510333333333333,78.46375923333335
1.0,0.0,2850.0,1.0,30.0,1280.0,720.0,93.33333334000001,29.007333333333335,0.9379666666666665,74.39035916666668
1.0,0.0,2850.0,4.0,30.0,1280.0,720.0,65.71428572,29.960166666666662,0.9493166666666666,78.27850950833333
