representation_index,rebuffering_duration,video_bitrate,chunk_duration,framerate,width,height,mos,psnr,ssim,vmaf
1.0,2.8325068252910173,525.0,4.0,30.0,1280.0,720.0,60.0,32.16608333333333,0.96695,91.74185422499997
1.0,1.0,300.0,4.0,30.0,1280.0,720.0,62.5,21.299250000000004,0.58975,29.016380116666664
1.0,0.0,412.5,4.0,30.0,1280.0,720.0,68.88888888,16.352999999999998,0.42786666666666673,5.859626916666667
1.0,0.0,750.0,1.0,30.0,1280.0,720.0,80.0,16.422333333333338,0.42686666666666667,5.4335292
1.0,0.0,750.0,1.0,30.0,1280.0,720.0,80.0,17.008333333333333,0.45053333333333323,6.265999200000001
1.0,0.0,750.0,1.0,30.0,1280.0,720.0,74.28571428,16.02466666666667,0.42949999999999994,4.987828400000001
1.0,0.0,750.0,1.0,30.0,1280.0,720.0,93.33333334000001,15.536666666666664,0.4069333333333334,5.781254099999998
1.0,0.0,637.5,4.0,30.0,1280.0,720.0,65.71428572,16.302583333333335,0.41214999999999996,7.566163883333333
