representation_index,rebuffering_duration,video_bitrate,chunk_duration,framerate,width,height,mos,psnr,ssim,vmaf
4.0,1.4989431440921346,412.5,4.0,60.0,1280.0,720.0,66.66666666,36.264874999999996,0.9570833333333336,93.27274337916667
4.0,0.0,525.0,4.0,60.0,1280.0,720.0,77.14285714,37.68537500000001,0.9651000000000003,95.14063167916665
4.0,0.0,750.0,4.0,60.0,1280.0,720.0,60.0,35.69870833333333,0.9520125000000003,95.16100447083332
4.0,0.8840975115110912,525.0,4.0,60.0,1280.0,720.0,57.14285714,35.22566666666666,0.9506583333333336,94.99427125416668
4.0,0.0,750.0,1.0,10.0,1280.0,720.0,74.28571428,20.791499999999996,0.7149833333333332,39.58756644999999
4.0,0.0,300.0,1.0,60.0,1280.0,720.0,78.0,35.33100000000001,0.9544500000000001,97.90564628333333
4.0,0.0,300.0,1.0,60.0,1280.0,720.0,66.66666666,35.85766666666666,0.9570499999999998,95.01234633333334
4.0,0.0,300.0,1.0,60.0,1280.0,720.0,68.0,35.167796610169496,0.9494915254237288,97.5862226440678
