representation_index,rebuffering_duration,video_bitrate,chunk_duration,framerate,width,height,mos,psnr,ssim,vmaf
7.0,1.721727678104753,750.0,1.0,25.0,1280.0,720.0,85.71428572,43.2232,0.9869199999999999,94.10196604000002
7.0,0.0,300.0,1.0,25.0,1280.0,720.0,84.0,41.357600000000005,0.9830800000000002,92.97104368000002
7.0,0.0,300.0,1.0,25.0,1280.0,720.0,76.0,42.58960000000001,0.9808400000000002,92.59713516
7.0,0.0,300.0,1.0,25.0,1280.0,720.0,92.0,42.074400000000004,0.9812000000000003,90.43459072000002
7.0,0.9480356760925306,800.0,4.0,25.0,1280.0,720.0,85.71428572,41.0097,0.9743600000000001,90.24895628000002
7.0,0.0,525.0,4.0,25.0,1280.0,720.0,80.0,43.0304,0.9849500000000001,91.35741299
7.0,2.967101747742833,300.0,4.0,25.0,1280.0,720.0,74.54545454,41.8965,0.9835699999999999,91.65610345
7.0,7.687134605930589,1437.5,4.0,25.0,1280.0,720.0,72.0,24.903200000000002,0.8709600000000001,28.11287392
