representation_index,rebuffering_duration,video_bitrate,chunk_duration,framerate,width,height,mos,psnr,ssim,vmaf
0.0,1.4608965419160118,637.5,4.0,25.0,1920.0,1080.0,71.42857142,34.858799999999995,0.9870799999999998,76.94587302
0.0,0.0,412.5,4.0,25.0,1920.0,1080.0,62.85714286,33.691300000000005,0.9752999999999998,91.90227408000001
0.0,0.0,637.5,4.0,25.0,1920.0,1080.0,68.0,31.212799999999998,0.9612799999999999,86.61555906999999
0.0,0.0,862.5,4.0,25.0,1920.0,1080.0,60.0,31.076600000000006,0.9638199999999999,85.37874661000001
0.0,0.0,1200.0,1.0,25.0,1920.0,1080.0,68.0,31.613599999999998,0.96524,91.60210520000001
0.0,0.0,750.0,1.0,25.0,1920.0,1080.0,64.0,31.274400000000004,0.9630799999999999,84.49235684
0.0,0.0,750.0,1.0,25.0,1920.0,1080.0,72.0,31.362,0.96232,91.28260024000001
0.0,0.0,750.0,1.0,10.0,1920.0,1080.0,71.42857142,22.891199999999994,0.6735599999999999,43.912594
