representation_index,rebuffering_duration,video_bitrate,chunk_duration,framerate,width,height,mos,psnr,ssim,vmaf
7.0,1.254004104440251,750.0,1.0,25.0,1280.0,720.0,85.71428572,43.2232,0.9869199999999999,94.10196604000002
7.0,0.0,300.0,1.0,25.0,1280.0,720.0,84.0,41.357600000000005,0.9830800000000002,92.97104368000002
7.0,0.0,750.0,1.0,25.0,1280.0,720.0,76.0,42.58960000000001,0.9808400000000002,92.59713516
7.0,0.0,750.0,1.0,25.0,1280.0,720.0,92.0,42.074400000000004,0.9812000000000003,90.43459072000002
7.0,1.0,637.5,4.0,25.0,1280.0,720.0,85.71428572,25.684900000000003,0.92166,28.559953240000006
7.0,0.0,300.0,4.0,25.0,1280.0,720.0,80.0,23.7609,0.91737,41.195316909999995
7.0,0.0,750.0,4.0,25.0,1280.0,720.0,74.54545454,19.948400000000003,0.84979,1.1950116199999998
7.0,0.0,750.0,4.0,25.0,1280.0,720.0,72.0,19.319899999999997,0.8291800000000001,4.36224191
