representation_index,rebuffering_duration,video_bitrate,chunk_duration,framerate,width,height,mos,psnr,ssim,vmaf
5.0,3.8325068252910173,525.0,4.0,30.0,1280.0,720.0,65.45454546,19.649500000000003,0.5515916666666666,33.694455041666664
5.0,0.0,300.0,1.0,30.0,1280.0,720.0,60.0,14.257333333333333,0.46080000000000004,11.203692166666665
5.0,0.0,300.0,1.0,30.0,1280.0,720.0,86.66666665999999,13.800666666666668,0.4462000000000001,12.469949099999997
5.0,0.0,300.0,1.0,30.0,1280.0,720.0,72.0,14.159666666666668,0.44683333333333325,10.454100766666665
5.0,0.0,300.0,1.0,30.0,1280.0,720.0,68.57142858,15.080666666666668,0.46940000000000004,8.302702533333333
5.0,0.0,412.5,4.0,30.0,1280.0,720.0,68.57142858,17.272666666666666,0.5475916666666667,4.803308750000001
5.0,0.0,750.0,4.0,30.0,1280.0,720.0,76.0,17.939,0.5683750000000001,3.407729041666667
5.0,0.0,637.5,4.0,30.0,1280.0,720.0,68.88888888,15.825916666666664,0.4969583333333332,8.076512383333334
