representation_index,rebuffering_duration,video_bitrate,chunk_duration,framerate,width,height,mos,psnr,ssim,vmaf
2.0,1.9421588963722143,750.0,1.0,25.0,1280.0,720.0,86.66666665999999,35.673599999999986,0.9788000000000001,96.11151140000001
2.0,0.0,300.0,1.0,25.0,1280.0,720.0,60.0,35.33600000000001,0.9760399999999997,100.0
2.0,0.0,300.0,1.0,25.0,1280.0,720.0,72.0,35.6812,0.9769200000000001,99.69153772
2.0,0.0,300.0,1.0,25.0,1280.0,720.0,68.0,35.852399999999996,0.9788800000000001,99.19300215999999
2.0,0.0,637.5,4.0,25.0,1280.0,720.0,64.0,35.67949999999999,0.9775600000000001,94.65990626
2.0,0.09305320714616437,525.0,4.0,25.0,1280.0,720.0,65.71428572,42.368199999999995,0.9810399999999999,98.39761257
2.0,0.0,300.0,4.0,25.0,1280.0,720.0,71.42857142,40.0639,0.9655699999999999,96.83739769
2.0,1.0,637.5,4.0,25.0,1280.0,720.0,80.0,47.60271666666667,0.98895,96.38261758499999
