representation_index,rebuffering_duration,video_bitrate,chunk_duration,framerate,width,height,mos,psnr,ssim,vmaf
5.0,2.8325068252910173,525.0,4.0,30.0,1280.0,720.0,65.45454546,35.650166666666664,0.9812166666666666,98.41208150833333
5.0,0.0,300.0,1.0,30.0,1280.0,720.0,60.0,36.940666666666665,0.9833999999999999,99.41298699999999
5.0,0.0,300.0,1.0,30.0,1280.0,720.0,86.66666665999999,36.686,0.9825666666666667,100.0
5.0,0.0,300.0,1.0,30.0,1280.0,720.0,72.0,36.50333333333333,0.9816333333333335,100.0
5.0,1.0,300.0,1.0,30.0,1280.0,720.0,68.57142858,15.092333333333334,0.46979999999999994,8.262346599999999
5.0,0.0,412.5,4.0,30.0,1280.0,720.0,68.57142858,17.284083333333335,0.5481666666666667,4.788525866666666
5.0,0.0,750.0,4.0,30.0,1280.0,720.0,76.0,17.952416666666668,0.5689333333333334,3.403130066666667
5.0,0.0,637.5,4.0,30.0,1280.0,720.0,68.88888888,15.82975,0.4973416666666667,8.084251358333333
