Survey A,Survey B,Survey C,Survey D,Survey E,Survey F,Phase 2 Chunk,Survey A QoE,Survey B QoE,Survey C QoE,Survey D QoE,Survey E QoE,Survey F QoE
5,3,0,4,2,1,5,2.909090909,3.4,3.875,3,3.142857143,3.571428571
4,0,2,3,5,1,4,3,4.6,3.125,3.444444444,3.285714286,3
1,2,5,0,3,4,1,2.818181818,3.2,4,4.222222222,3.285714286,3.571428571
3,5,2,1,4,0,2,3.181818182,3.8,2.75,3.333333333,3,4.142857143
0,5,3,1,4,2,5,3.727272727,2.8,3,3.333333333,2.857142857,3.857142857
1,4,2,5,3,0,2,3.272727273,3.8,2.75,3.444444444,3.428571429,4.571428571
3,4,1,0,2,5,1,3.090909091,3.2,2.75,4.555555556,3.428571429,3.428571429
4,5,1,3,0,2,1,3.727272727,3.6,3.5,4,4.428571429,4.285714286