Survey A,Survey B,Survey C,Survey D,Survey E,Survey A QoE,Survey B QoE,Survey C QoE,Survey D QoE,Survey E QoE
2,3,0,1,4,3.2,3.6,4.333333333,3.4,3.571428571
0,1,4,2,3,3.6,4,4.666666667,4,3.714285714
2,4,1,3,0,3,3.4,4.333333333,3.6,4.428571429
2,3,4,0,1,3,3.4,5,4.4,3.142857143
4,0,3,2,1,3.4,4.8,3.333333333,3.9,3.714285714
1,0,2,3,4,3,4.6,4.333333333,3.6,3.428571429
1,4,3,2,0,3.4,3.8,5,4,4.142857143
3,4,0,2,1,3.8,4.6,5,4.2,4.285714286