representation_index,rebuffering_duration,video_bitrate,chunk_duration,framerate,width,height,mos,psnr,ssim,vmaf
6.0,0.0,750.0,1.0,25.0,1280.0,720.0,68.0,39.35,0.9913199999999999,89.55466995999997
6.0,0.0,2850.0,1.0,25.0,1280.0,720.0,80.0,42.29,0.9941199999999998,93.84508676
6.0,0.0,2850.0,1.0,25.0,1280.0,720.0,100.0,44.33560000000001,0.9958399999999998,95.37595676000001
6.0,0.0,1850.0,1.0,25.0,1280.0,720.0,76.0,44.214800000000004,0.9956000000000005,95.15039904000001
6.0,2.0,2600.0,4.0,25.0,1280.0,720.0,68.57142858,41.311400000000006,0.9920200000000001,93.67445794
6.0,1.0,2850.0,4.0,25.0,1280.0,720.0,61.81818182,37.827600000000004,0.98716,91.09584333000001
6.0,0.0,2850.0,4.0,25.0,1280.0,720.0,64.0,36.3881,0.98396,89.14002155
6.0,0.0,2850.0,4.0,25.0,1280.0,720.0,68.57142858,38.1195,0.9889000000000001,92.20389876
