representation_index,rebuffering_duration,video_bitrate,chunk_duration,framerate,width,height,mos,psnr,ssim,vmaf
6.0,0.0,750.0,1.0,25.0,1280.0,720.0,68.0,39.362,0.9913199999999999,89.48979839999998
6.0,0.0,2850.0,1.0,25.0,1280.0,720.0,80.0,38.14079999999999,0.9887999999999999,89.00913408000001
6.0,0.0,2850.0,1.0,25.0,1280.0,720.0,100.0,43.82200000000001,0.99552,95.0157336
6.0,0.0,1850.0,1.0,25.0,1280.0,720.0,76.0,44.2132,0.9956000000000005,95.15096216
6.0,2.0,2600.0,4.0,25.0,1280.0,720.0,68.57142858,40.78210000000001,0.9908500000000001,92.96151436999999
6.0,1.0,2850.0,4.0,25.0,1280.0,720.0,61.81818182,37.827000000000005,0.9871200000000001,91.07567554
6.0,0.0,2850.0,4.0,25.0,1280.0,720.0,64.0,37.0681,0.9859199999999999,90.47014894
6.0,0.0,2850.0,4.0,25.0,1280.0,720.0,68.57142858,38.1184,0.9889000000000001,92.19926975
