representation_index,rebuffering_duration,video_bitrate,chunk_duration,framerate,width,height,mos,psnr,ssim,vmaf
6.0,0.0,750.0,1.0,25.0,1280.0,720.0,68.0,39.35080000000001,0.9913599999999999,89.56115748
6.0,0.0,2850.0,1.0,25.0,1280.0,720.0,80.0,43.954800000000006,0.9950800000000001,94.74325708
6.0,0.0,2850.0,1.0,25.0,1280.0,720.0,100.0,40.187599999999996,0.9925599999999999,92.96505504000001
6.0,0.0,1850.0,1.0,25.0,1280.0,720.0,76.0,42.568400000000004,0.99488,94.82584176
6.0,2.0,2600.0,4.0,25.0,1280.0,720.0,68.57142858,40.72330000000001,0.99177,93.60936397
6.0,1.0,2850.0,4.0,25.0,1280.0,720.0,61.81818182,37.826100000000004,0.9871500000000001,91.08726282
6.0,0.0,2850.0,4.0,25.0,1280.0,720.0,64.0,37.0663,0.9858799999999999,90.43149156999999
6.0,0.0,2850.0,4.0,25.0,1280.0,720.0,68.57142858,38.11900000000001,0.9889000000000001,92.19258839999999
