representation_index,rebuffering_duration,video_bitrate,chunk_duration,framerate,width,height,mos,psnr,ssim,vmaf
6.0,0.0,750.0,1.0,25.0,1280.0,720.0,68.0,39.362,0.9913199999999999,89.48979839999998
6.0,0.0,1850.0,1.0,25.0,1280.0,720.0,80.0,38.14079999999999,0.9887999999999999,89.00913408000001
6.0,0.0,2850.0,1.0,25.0,1280.0,720.0,100.0,43.82200000000001,0.99552,95.0157336
6.0,2.0,2850.0,1.0,25.0,1280.0,720.0,76.0,44.2132,0.9956000000000005,95.15096216
6.0,0.0,2600.0,4.0,25.0,1280.0,720.0,68.57142858,41.31190000000001,0.9920100000000001,93.68221918
6.0,1.0,2600.0,4.0,25.0,1280.0,720.0,61.81818182,35.3595,0.97028,83.23734436999999
6.0,0.0,2850.0,4.0,25.0,1280.0,720.0,64.0,31.692200000000007,0.94913,73.1432236
6.0,0.0,2850.0,4.0,25.0,1280.0,720.0,68.57142858,33.04729999999999,0.9555,76.42958621000001
