representation_index,rebuffering_duration,video_bitrate,chunk_duration,framerate,width,height,mos,psnr,ssim,vmaf
6.0,0.0,750.0,1.0,25.0,1280.0,720.0,68.0,39.35080000000001,0.9913599999999999,89.56141843999998
6.0,0.0,2850.0,1.0,25.0,1280.0,720.0,80.0,43.992399999999996,0.9952399999999999,94.80311727999998
6.0,0.0,2850.0,1.0,25.0,1280.0,720.0,100.0,44.67440000000001,0.99588,95.5411948
6.0,0.0,1850.0,1.0,25.0,1280.0,720.0,76.0,42.696000000000005,0.9944399999999998,94.02607528
6.0,2.0,2600.0,4.0,25.0,1280.0,720.0,68.57142858,41.003299999999996,0.9916800000000001,93.47420187
6.0,1.0,2850.0,4.0,25.0,1280.0,720.0,61.81818182,37.826100000000004,0.9871500000000001,91.08726282
6.0,0.0,2850.0,4.0,25.0,1280.0,720.0,64.0,37.0663,0.9858799999999999,90.43149156999999
6.0,0.0,2850.0,4.0,25.0,1280.0,720.0,68.57142858,38.11900000000001,0.9889000000000001,92.19258839999999
