representation_index,rebuffering_duration,video_bitrate,chunk_duration,framerate,width,height,mos,psnr,ssim,vmaf
6.0,0.0,750.0,1.0,25.0,1280.0,720.0,68.0,39.362,0.9913199999999999,89.48979839999998
6.0,0.0,2850.0,1.0,25.0,1280.0,720.0,80.0,38.14079999999999,0.9887999999999999,89.00913408000001
6.0,0.0,2850.0,1.0,25.0,1280.0,720.0,100.0,43.82200000000001,0.99552,95.0157336
6.0,0.0,1850.0,1.0,25.0,1280.0,720.0,76.0,44.2132,0.9956000000000005,95.15096216
6.0,2.0,2600.0,4.0,25.0,1280.0,720.0,68.57142858,41.31190000000001,0.9920100000000001,93.68221918
6.0,1.0,2850.0,4.0,25.0,1280.0,720.0,61.81818182,36.0731,0.98241,87.61135966
6.0,0.0,2850.0,4.0,25.0,1280.0,720.0,64.0,32.8247,0.96279,78.46202564
6.0,0.0,2850.0,4.0,25.0,1280.0,720.0,68.57142858,35.7787,0.9823000000000001,87.78661102
