representation_index,rebuffering_duration,video_bitrate,chunk_duration,framerate,width,height,mos,psnr,ssim,vmaf
6.0,0.0,750.0,1.0,25.0,1280.0,720.0,68.0,39.3588,0.9913599999999999,89.50922664
6.0,0.0,2850.0,1.0,25.0,1280.0,720.0,80.0,40.28480000000001,0.9921200000000003,92.19076928000003
6.0,0.0,2850.0,1.0,25.0,1280.0,720.0,100.0,44.074000000000005,0.9957199999999999,95.21767844
6.0,0.0,1850.0,1.0,25.0,1280.0,720.0,76.0,44.214800000000004,0.9956000000000005,95.15039904000001
6.0,2.0,2600.0,4.0,25.0,1280.0,720.0,68.57142858,41.311400000000006,0.9920200000000001,93.67445794
6.0,1.0,2850.0,4.0,25.0,1280.0,720.0,61.81818182,37.826100000000004,0.9871500000000001,91.08726282
6.0,0.0,2850.0,4.0,25.0,1280.0,720.0,64.0,36.241,0.9834299999999999,88.80155484999999
6.0,0.0,2850.0,4.0,25.0,1280.0,720.0,68.57142858,38.12050000000001,0.9889000000000001,92.20040425999998
