representation_index,rebuffering_duration,video_bitrate,chunk_duration,framerate,width,height,mos,psnr,ssim,vmaf
6.0,0.0,750.0,1.0,25.0,1280.0,720.0,68.0,39.35080000000001,0.9913599999999999,89.56141843999998
6.0,0.0,2850.0,1.0,25.0,1280.0,720.0,80.0,43.992399999999996,0.9952399999999999,94.80311727999998
6.0,0.0,2850.0,1.0,25.0,1280.0,720.0,100.0,44.66800000000001,0.9959199999999998,95.52858416000001
6.0,0.0,1850.0,1.0,25.0,1280.0,720.0,76.0,44.214800000000004,0.9956000000000005,95.15039904000001
6.0,2.0,2600.0,4.0,25.0,1280.0,720.0,68.57142858,40.8742,0.99106,92.99042877999999
6.0,1.0,2850.0,4.0,25.0,1280.0,720.0,61.81818182,37.8211,0.98711,91.05881659
6.0,0.0,2850.0,4.0,25.0,1280.0,720.0,64.0,37.06739999999999,0.9859199999999999,90.49271610000001
6.0,0.0,2850.0,4.0,25.0,1280.0,720.0,68.57142858,36.8902,0.9867500000000001,90.68150873999998
