representation_index,rebuffering_duration,video_bitrate,chunk_duration,framerate,width,height,mos,psnr,ssim,vmaf
6.0,0.0,750.0,1.0,25.0,1280.0,720.0,68.0,39.35,0.9913199999999999,89.55466995999997
6.0,0.0,1850.0,1.0,25.0,1280.0,720.0,80.0,42.29,0.9941199999999998,93.84508676
6.0,0.0,2850.0,1.0,25.0,1280.0,720.0,100.0,44.33760000000001,0.9958399999999998,95.37875576
6.0,2.0,2850.0,1.0,25.0,1280.0,720.0,76.0,44.1144,0.9955600000000004,95.0861724
6.0,0.0,2600.0,4.0,25.0,1280.0,720.0,68.57142858,37.3661,0.9839899999999999,88.56478007
6.0,1.0,2600.0,4.0,25.0,1280.0,720.0,61.81818182,34.909800000000004,0.97636,83.97819390999999
6.0,0.0,2850.0,4.0,25.0,1280.0,720.0,64.0,36.939899999999994,0.9857100000000001,90.18078719
6.0,0.0,2850.0,4.0,25.0,1280.0,720.0,68.57142858,37.8136,0.9880099999999999,91.61304221
