representation_index,rebuffering_duration,video_bitrate,chunk_duration,framerate,width,height,mos,psnr,ssim,vmaf
6.0,0.0,750.0,1.0,25.0,1280.0,720.0,68.0,39.362,0.9913199999999999,89.48979839999998
6.0,0.0,2850.0,1.0,25.0,1280.0,720.0,80.0,38.14079999999999,0.9887999999999999,89.00913408000001
6.0,0.0,2850.0,1.0,25.0,1280.0,720.0,100.0,43.82480000000001,0.99552,95.01634471999999
6.0,0.0,1850.0,1.0,25.0,1280.0,720.0,76.0,44.21,0.9956000000000005,95.13162200000001
6.0,2.0,2600.0,4.0,25.0,1280.0,720.0,68.57142858,40.72410000000001,0.9914200000000002,93.25530254
6.0,1.0,2850.0,4.0,25.0,1280.0,720.0,61.81818182,37.826100000000004,0.9871500000000001,91.08726282
6.0,0.0,2850.0,4.0,25.0,1280.0,720.0,64.0,36.6934,0.9848399999999999,89.76003902
6.0,0.0,2850.0,4.0,25.0,1280.0,720.0,68.57142858,38.111900000000006,0.98888,92.18402372999999
