representation_index,rebuffering_duration,video_bitrate,chunk_duration,framerate,width,height,mos,psnr,ssim,vmaf
6.0,0.0,750.0,1.0,25.0,1280.0,720.0,68.0,39.35080000000001,0.9913599999999999,89.56141843999998
6.0,0.0,1850.0,1.0,25.0,1280.0,720.0,80.0,43.992399999999996,0.9952399999999999,94.80316388
6.0,0.0,2850.0,1.0,25.0,1280.0,720.0,100.0,44.6344,0.99588,95.559832
6.0,2.0,2850.0,1.0,25.0,1280.0,720.0,76.0,37.2244,0.9873199999999998,89.56871608000003
6.0,0.0,2600.0,4.0,25.0,1280.0,720.0,68.57142858,38.889199999999995,0.9888399999999999,91.71190022
6.0,1.0,2600.0,4.0,25.0,1280.0,720.0,61.81818182,37.487199999999994,0.9862900000000001,90.42297427000001
6.0,0.0,2850.0,4.0,25.0,1280.0,720.0,64.0,37.0687,0.9859099999999998,90.44712761
6.0,0.0,2850.0,4.0,25.0,1280.0,720.0,68.57142858,38.1199,0.9889100000000001,92.19992172999999
