representation_index,rebuffering_duration,video_bitrate,chunk_duration,framerate,width,height,mos,psnr,ssim,vmaf
6.0,0.0,750.0,1.0,25.0,1280.0,720.0,68.0,39.35080000000001,0.9913599999999999,89.56141843999998
6.0,0.0,1850.0,1.0,25.0,1280.0,720.0,80.0,43.992399999999996,0.9952399999999999,94.80311727999998
6.0,0.0,2850.0,1.0,25.0,1280.0,720.0,100.0,44.66800000000001,0.9959199999999998,95.52858416000001
6.0,2.0,2850.0,1.0,25.0,1280.0,720.0,76.0,44.214800000000004,0.9956000000000005,95.15039904000001
6.0,0.0,2600.0,4.0,25.0,1280.0,720.0,68.57142858,41.313900000000004,0.9920100000000001,93.66922476999999
6.0,1.0,2600.0,4.0,25.0,1280.0,720.0,61.81818182,36.02499999999999,0.98218,87.43585748000001
6.0,0.0,2850.0,4.0,25.0,1280.0,720.0,64.0,36.948,0.98577,90.18484132
6.0,0.0,2850.0,4.0,25.0,1280.0,720.0,68.57142858,38.1845,0.9889899999999999,92.28085013
