representation_index,rebuffering_duration,video_bitrate,chunk_duration,framerate,width,height,mos,psnr,ssim,vmaf
6.0,0.0,750.0,1.0,25.0,1280.0,720.0,68.0,39.362,0.9913199999999999,89.48979839999998
6.0,0.0,2850.0,1.0,25.0,1280.0,720.0,80.0,38.14079999999999,0.9887999999999999,89.00913408000001
6.0,0.0,2850.0,1.0,25.0,1280.0,720.0,100.0,43.83000000000001,0.99548,95.0251764
6.0,0.0,1850.0,1.0,25.0,1280.0,720.0,76.0,42.692,0.9944399999999998,94.02801456000002
6.0,2.0,2600.0,4.0,25.0,1280.0,720.0,68.57142858,39.457899999999995,0.99003,92.50039299000002
6.0,1.0,2850.0,4.0,25.0,1280.0,720.0,61.81818182,37.826100000000004,0.9871500000000001,91.08726282
6.0,0.0,2850.0,4.0,25.0,1280.0,720.0,64.0,36.6934,0.9848399999999999,89.76003902
6.0,0.0,2850.0,4.0,25.0,1280.0,720.0,68.57142858,38.111900000000006,0.98888,92.18402372999999
