representation_index,rebuffering_duration,video_bitrate,chunk_duration,framerate,width,height,mos,psnr,ssim,vmaf
6.0,0.0,750.0,1.0,25.0,1280.0,720.0,68.0,39.35080000000001,0.9913599999999999,89.56141843999998
6.0,0.0,2850.0,1.0,25.0,1280.0,720.0,80.0,43.992399999999996,0.9952399999999999,94.80311727999998
6.0,0.0,2850.0,1.0,25.0,1280.0,720.0,100.0,44.67480000000001,0.99588,95.54158375999998
6.0,0.0,1850.0,1.0,25.0,1280.0,720.0,76.0,42.68800000000001,0.9944799999999997,94.02517884000001
6.0,2.0,2600.0,4.0,25.0,1280.0,720.0,68.57142858,40.4453,0.9912000000000001,93.22765179000001
6.0,1.0,2850.0,4.0,25.0,1280.0,720.0,61.81818182,37.826100000000004,0.9871500000000001,91.08726282
6.0,0.0,2850.0,4.0,25.0,1280.0,720.0,64.0,36.266200000000005,0.9833299999999999,88.75380650999999
6.0,0.0,2850.0,4.0,25.0,1280.0,720.0,68.57142858,38.1069,0.98886,92.17956708999999
