representation_index,rebuffering_duration,video_bitrate,chunk_duration,framerate,width,height,mos,psnr,ssim,vmaf
6.0,0.0,750.0,1.0,25.0,1280.0,720.0,68.0,39.351200000000006,0.9913599999999999,89.56049072000002
6.0,0.0,2850.0,1.0,25.0,1280.0,720.0,80.0,43.99280000000001,0.9951599999999998,94.77261032
6.0,0.0,2850.0,1.0,25.0,1280.0,720.0,100.0,42.3628,0.9946799999999999,94.62158648000002
6.0,0.0,1850.0,1.0,25.0,1280.0,720.0,76.0,43.1196,0.99504,94.99451664000001
6.0,2.0,2600.0,4.0,25.0,1280.0,720.0,68.57142858,40.91850000000001,0.9918600000000002,93.64416369
6.0,1.0,2850.0,4.0,25.0,1280.0,720.0,61.81818182,37.826100000000004,0.9871500000000001,91.08726282
6.0,0.0,2850.0,4.0,25.0,1280.0,720.0,64.0,37.0663,0.9858799999999999,90.43149156999999
6.0,0.0,2850.0,4.0,25.0,1280.0,720.0,68.57142858,38.11900000000001,0.9889000000000001,92.19258839999999
