representation_index,rebuffering_duration,video_bitrate,chunk_duration,framerate,width,height,mos,psnr,ssim,vmaf
2.0,1.3891853247753128,750.0,1.0,25.0,1280.0,720.0,86.66666665999999,35.673599999999986,0.9787600000000001,96.10335948000002
2.0,0.0,300.0,1.0,25.0,1280.0,720.0,60.0,35.6772,0.9774799999999999,100.0
2.0,1.0,300.0,1.0,25.0,1280.0,720.0,72.0,17.694000000000003,0.33248000000000005,14.802761599999998
2.0,0.0,300.0,1.0,25.0,1280.0,720.0,68.0,17.8752,0.34743999999999997,11.8613518
2.0,0.0,300.0,4.0,25.0,1280.0,720.0,64.0,17.6085,0.34093999999999997,13.565668459999998
2.0,0.0,300.0,4.0,25.0,1280.0,720.0,65.71428572,12.099800000000002,0.60536,6.635696
2.0,0.0,412.5,4.0,25.0,1280.0,720.0,71.42857142,19.443700000000003,0.5671999999999999,6.80395023
2.0,0.0,525.0,4.0,25.0,1280.0,720.0,80.0,33.55323750000001,0.75848,53.760532364166664
