representation_index,rebuffering_duration,video_bitrate,chunk_duration,framerate,width,height,mos,psnr,ssim,vmaf
6.0,1.0280734982858857,750.0,1.0,25.0,1280.0,720.0,68.0,45.90799999999999,0.9959999999999998,95.03824288
6.0,0.0,300.0,1.0,25.0,1280.0,720.0,80.0,44.456799999999994,0.99512,94.87610435999999
6.0,1.0,300.0,1.0,25.0,1280.0,720.0,100.0,24.081599999999998,0.8735600000000002,66.97607335999999
6.0,0.0,300.0,1.0,25.0,1280.0,720.0,76.0,28.870800000000003,0.9762000000000001,83.54841776
6.0,0.0,300.0,4.0,25.0,1280.0,720.0,68.57142858,20.4525,0.7431199999999999,38.98790760999999
6.0,0.0,412.5,4.0,25.0,1280.0,720.0,61.81818182,17.790399999999998,0.67999,18.839884849999997
6.0,0.0,750.0,4.0,25.0,1280.0,720.0,64.0,17.719,0.67164,16.80565031
6.0,0.0,750.0,4.0,25.0,1280.0,720.0,68.57142858,16.178999999999995,0.63419,17.351518809999998
