representation_index,rebuffering_duration,video_bitrate,chunk_duration,framerate,width,height,mos,psnr,ssim,vmaf
4.0,2.0280734982858855,412.5,4.0,60.0,1280.0,720.0,66.66666666,19.655708333333333,0.6861041666666666,33.12108699583334
4.0,0.0,300.0,4.0,60.0,1280.0,720.0,77.14285714,13.517624999999999,0.6512833333333333,19.25348689166666
4.0,0.0,412.5,4.0,60.0,1280.0,720.0,60.0,13.915208333333336,0.5383041666666666,16.90901822083333
4.0,0.0,750.0,4.0,60.0,1280.0,720.0,57.14285714,13.260333333333335,0.5317708333333334,19.129128304166667
4.0,0.0,750.0,1.0,60.0,1280.0,720.0,74.28571428,11.518333333333329,0.5132166666666667,12.519617583333337
4.0,0.0,750.0,1.0,60.0,1280.0,720.0,78.0,11.6295,0.5197999999999998,10.294303216666664
4.0,0.0,750.0,1.0,60.0,1280.0,720.0,66.66666666,12.948166666666664,0.5608333333333333,18.688519350000004
4.0,0.0,750.0,1.0,60.0,1280.0,720.0,68.0,15.120677966101699,0.5940677966101693,11.045605864406777
