representation_index,rebuffering_duration,video_bitrate,chunk_duration,framerate,width,height,mos,psnr,ssim,vmaf
1.0,1.4608965419160118,412.5,4.0,30.0,1280.0,720.0,60.0,32.16608333333333,0.96695,91.74185422499997
1.0,0.0,300.0,4.0,30.0,1280.0,720.0,62.5,31.51791666666667,0.9649833333333332,87.70306962500001
1.0,0.0,300.0,4.0,30.0,1280.0,720.0,68.88888888,31.13133333333333,0.9679416666666665,88.01852724999999
1.0,0.0,300.0,1.0,30.0,1280.0,720.0,80.0,30.662000000000003,0.9659666666666666,85.52200019999997
1.0,0.0,750.0,1.0,30.0,1280.0,720.0,80.0,30.71233333333333,0.9652000000000001,84.768575
1.0,0.0,300.0,1.0,30.0,1280.0,720.0,74.28571428,30.50633333333333,0.9635999999999999,85.97973373333335
1.0,0.0,750.0,1.0,30.0,1280.0,720.0,93.33333334000001,30.636000000000006,0.9650999999999998,85.5385825
1.0,1.0,750.0,4.0,30.0,1280.0,720.0,65.71428572,20.478916666666663,0.5618666666666667,27.969784499999996
