representation_index,rebuffering_duration,video_bitrate,chunk_duration,framerate,width,height,mos,psnr,ssim,vmaf
5.0,1.4608965419160118,412.5,4.0,30.0,1280.0,720.0,65.45454546,35.650166666666664,0.9812166666666666,98.41208150833333
5.0,0.0,300.0,1.0,30.0,1280.0,720.0,60.0,36.940666666666665,0.9833999999999999,99.41298699999999
5.0,0.0,300.0,1.0,30.0,1280.0,720.0,86.66666665999999,36.68566666666666,0.9825666666666667,100.0
5.0,0.0,300.0,1.0,30.0,1280.0,720.0,72.0,36.39499999999999,0.981266666666667,100.0
5.0,0.0,300.0,1.0,30.0,1280.0,720.0,68.57142858,36.53600000000001,0.9807333333333333,99.9752681
5.0,0.0,300.0,4.0,30.0,1280.0,720.0,68.57142858,37.73733333333333,0.9809833333333337,95.335179975
5.0,0.0,525.0,4.0,30.0,1280.0,720.0,76.0,38.14741666666667,0.9809916666666669,91.43666363333332
5.0,1.0,750.0,4.0,30.0,1280.0,720.0,68.88888888,21.379,0.6072916666666668,32.28949827499999
