representation_index,rebuffering_duration,video_bitrate,chunk_duration,framerate,width,height,mos,psnr,ssim,vmaf
1.0,1.721727678104753,412.5,4.0,30.0,1280.0,720.0,60.0,32.16608333333333,0.96695,91.74185422499997
1.0,0.0,300.0,4.0,30.0,1280.0,720.0,62.5,31.51791666666667,0.9649833333333332,87.70306962500001
1.0,0.0,300.0,4.0,30.0,1280.0,720.0,68.88888888,31.13916666666666,0.9680249999999999,88.04778498333333
1.0,0.0,300.0,1.0,10.0,1280.0,720.0,80.0,23.65866666666666,0.7354666666666669,42.73686260000001
1.0,0.0,300.0,1.0,30.0,1280.0,720.0,80.0,30.67899999999999,0.9646666666666666,84.60900310000001
1.0,0.0,300.0,1.0,30.0,1280.0,720.0,74.28571428,30.507,0.9635666666666666,85.99948453333333
1.0,0.0,300.0,1.0,30.0,1280.0,720.0,93.33333334000001,30.630999999999993,0.9650666666666665,85.50895946666668
1.0,0.0,525.0,4.0,30.0,1280.0,720.0,65.71428572,31.221333333333334,0.9657916666666666,86.42395034166667
