representation_index,rebuffering_duration,video_bitrate,chunk_duration,framerate,width,height,mos,psnr,ssim,vmaf
5.0,1.254004104440251,412.5,4.0,30.0,1280.0,720.0,65.45454546,35.650166666666664,0.9812166666666666,98.41208150833333
5.0,0.0,300.0,1.0,30.0,1280.0,720.0,60.0,36.940666666666665,0.9833999999999999,99.41298699999999
5.0,0.0,300.0,1.0,30.0,1280.0,720.0,86.66666665999999,36.68566666666666,0.9825666666666667,100.0
5.0,0.0,300.0,1.0,30.0,1280.0,720.0,72.0,36.39499999999999,0.981266666666667,100.0
5.0,0.0,300.0,1.0,30.0,1280.0,720.0,68.57142858,36.53600000000001,0.9807333333333333,99.9752681
5.0,1.0,300.0,4.0,30.0,1280.0,720.0,68.57142858,23.101999999999997,0.677675,28.50724318333333
5.0,0.0,412.5,4.0,30.0,1280.0,720.0,76.0,17.952416666666668,0.5689333333333334,3.403130066666667
5.0,0.0,750.0,4.0,30.0,1280.0,720.0,68.88888888,15.82975,0.4973416666666667,8.084251358333333
