representation_index,rebuffering_duration,video_bitrate,chunk_duration,framerate,width,height,mos,psnr,ssim,vmaf
2.0,2.2540041044402512,750.0,1.0,25.0,1280.0,720.0,86.66666665999999,17.347600000000003,0.32896000000000003,16.874900359999998
2.0,0.0,300.0,1.0,25.0,1280.0,720.0,60.0,17.438399999999998,0.32620000000000005,15.590344720000001
2.0,0.0,300.0,1.0,25.0,1280.0,720.0,72.0,17.6936,0.33252000000000004,14.834347600000001
2.0,0.0,300.0,1.0,25.0,1280.0,720.0,68.0,17.8752,0.34724000000000005,11.84840792
2.0,0.0,300.0,4.0,25.0,1280.0,720.0,64.0,17.608400000000003,0.34095999999999993,13.60821058
2.0,0.0,300.0,4.0,25.0,1280.0,720.0,65.71428572,12.099800000000002,0.6053700000000001,6.835375430000001
2.0,0.0,412.5,4.0,25.0,1280.0,720.0,71.42857142,19.443700000000003,0.5671999999999999,6.80395023
2.0,0.0,750.0,4.0,25.0,1280.0,720.0,80.0,33.55323750000001,0.75848,53.760532364166664
