representation_index,rebuffering_duration,video_bitrate,chunk_duration,framerate,width,height,mos,psnr,ssim,vmaf
5.0,1.254004104440251,412.5,4.0,30.0,1280.0,720.0,65.45454546,35.650083333333335,0.9812166666666666,98.411490275
5.0,0.0,300.0,1.0,30.0,1280.0,720.0,60.0,37.06733333333333,0.9838666666666668,99.49095183333336
5.0,1.0,300.0,1.0,30.0,1280.0,720.0,86.66666665999999,13.809333333333333,0.4464333333333334,12.429367266666667
5.0,0.0,300.0,1.0,30.0,1280.0,720.0,72.0,14.168666666666667,0.44730000000000003,10.411395699999998
5.0,0.0,300.0,1.0,30.0,1280.0,720.0,68.57142858,15.09366666666667,0.4699666666666667,8.281423833333331
5.0,0.0,300.0,4.0,30.0,1280.0,720.0,68.57142858,17.284083333333335,0.5481833333333332,4.788785175
5.0,0.0,412.5,4.0,30.0,1280.0,720.0,76.0,17.952416666666668,0.5689333333333334,3.403130066666667
5.0,0.0,750.0,4.0,30.0,1280.0,720.0,68.88888888,15.82975,0.4973416666666667,8.084251358333333
