representation_index,rebuffering_duration,video_bitrate,chunk_duration,framerate,width,height,mos,psnr,ssim,vmaf
7.0,1.9421588963722143,750.0,1.0,25.0,1280.0,720.0,85.71428572,43.2232,0.9869199999999999,94.10196604000002
7.0,0.0,300.0,1.0,25.0,1280.0,720.0,84.0,41.357600000000005,0.9830800000000002,92.97104368000002
7.0,0.0,300.0,1.0,25.0,1280.0,720.0,76.0,42.58960000000001,0.9808400000000002,92.59713516
7.0,0.0,300.0,1.0,25.0,1280.0,720.0,92.0,42.074400000000004,0.9812000000000003,90.43459072000002
7.0,0.0,300.0,4.0,25.0,1280.0,720.0,85.71428572,41.0097,0.9743600000000001,90.24895628000002
7.0,1.0,300.0,4.0,25.0,1280.0,720.0,80.0,32.4122,0.9608000000000001,78.59979745
7.0,0.0,300.0,4.0,25.0,1280.0,720.0,74.54545454,19.9485,0.85042,1.1978739200000001
7.0,0.0,412.5,4.0,25.0,1280.0,720.0,72.0,19.319599999999998,0.82918,4.36224191
