representation_index,rebuffering_duration,video_bitrate,chunk_duration,framerate,width,height,mos,psnr,ssim,vmaf
3.0,2.9421588963722143,412.5,4.0,30.0,1280.0,720.0,66.66666666,26.892916666666665,0.8722000000000001,42.970720991666674
3.0,0.0,300.0,1.0,30.0,1280.0,720.0,62.85714286,22.895999999999997,0.8406666666666666,27.986832266666664
3.0,0.0,300.0,1.0,30.0,1280.0,720.0,60.0,19.14933333333333,0.6504666666666666,13.068391066666663
3.0,0.0,300.0,1.0,30.0,1280.0,720.0,68.0,17.160666666666664,0.565,21.654541533333333
3.0,0.0,300.0,1.0,30.0,1280.0,720.0,100.0,14.111000000000002,0.3688333333333335,4.352197066666666
3.0,0.0,300.0,4.0,30.0,1280.0,720.0,63.636363640000006,19.27916666666667,0.6355749999999999,38.84584690833333
3.0,0.0,300.0,4.0,30.0,1280.0,720.0,60.0,16.022166666666667,0.5073333333333333,7.852612941666666
3.0,0.0,412.5,4.0,30.0,1280.0,720.0,76.0,19.372666666666667,0.6541916666666666,15.324149391666667
