representation_index,rebuffering_duration,video_bitrate,chunk_duration,framerate,width,height,mos,psnr,ssim,vmaf
0.0,1.9421588963722143,412.5,4.0,25.0,1920.0,1080.0,71.42857142,34.858799999999995,0.9870799999999998,76.94587302
0.0,0.0,300.0,4.0,25.0,1920.0,1080.0,62.85714286,33.691300000000005,0.9752999999999998,91.90227408000001
0.0,0.0,300.0,4.0,25.0,1920.0,1080.0,68.0,31.212799999999998,0.9612799999999999,86.61555906999999
0.0,0.0,300.0,4.0,25.0,1920.0,1080.0,60.0,31.074500000000008,0.9638299999999997,85.36021400000001
0.0,0.0,300.0,1.0,10.0,1920.0,1080.0,68.0,23.449199999999998,0.7282399999999997,48.55533999999999
0.0,0.0,750.0,1.0,25.0,1920.0,1080.0,64.0,18.467599999999997,0.55072,16.824261120000003
0.0,0.0,300.0,1.0,25.0,1920.0,1080.0,72.0,17.2032,0.4690000000000001,15.732245400000002
0.0,0.0,300.0,1.0,25.0,1920.0,1080.0,71.42857142,16.355600000000003,0.4275199999999999,12.79431484
