representation_index,rebuffering_duration,video_bitrate,chunk_duration,framerate,width,height,mos,psnr,ssim,vmaf
1.0,1.9421588963722143,412.5,4.0,30.0,1280.0,720.0,60.0,32.16608333333333,0.96695,91.74185422499997
1.0,0.0,300.0,4.0,30.0,1280.0,720.0,62.5,31.51791666666667,0.9649833333333332,87.70306962500001
1.0,1.0,300.0,4.0,30.0,1280.0,720.0,68.88888888,20.77208333333333,0.5828666666666666,29.130357916666668
1.0,0.0,300.0,1.0,30.0,1280.0,720.0,80.0,16.42133333333334,0.4268333333333334,5.404321399999999
1.0,0.0,300.0,1.0,30.0,1280.0,720.0,80.0,17.008333333333333,0.4505666666666665,6.259113733333334
1.0,0.0,300.0,1.0,30.0,1280.0,720.0,74.28571428,16.025000000000002,0.42946666666666655,4.992934300000001
1.0,0.0,300.0,1.0,30.0,1280.0,720.0,93.33333334000001,15.535999999999998,0.40696666666666675,5.7932410999999995
1.0,0.0,412.5,4.0,30.0,1280.0,720.0,65.71428572,16.302583333333335,0.41214999999999996,7.566163883333333
