representation_index,rebuffering_duration,video_bitrate,chunk_duration,framerate,width,height,mos,psnr,ssim,vmaf
3.0,1.4764173521586554,412.5,4.0,30.0,1280.0,720.0,66.66666666,40.977583333333335,0.9789083333333335,93.11029025833335
3.0,0.0,300.0,1.0,30.0,1280.0,720.0,62.85714286,41.09400000000001,0.9790333333333332,91.50407599999998
3.0,0.0,300.0,1.0,30.0,1280.0,720.0,60.0,41.116,0.9796666666666668,91.60806159999998
3.0,1.0,300.0,1.0,30.0,1280.0,720.0,68.0,17.159333333333333,0.5646666666666668,21.630345166666665
3.0,0.0,300.0,1.0,30.0,1280.0,720.0,100.0,14.111000000000002,0.3688666666666668,4.3745368000000004
3.0,0.0,300.0,4.0,30.0,1280.0,720.0,63.636363640000006,19.27916666666667,0.6355749999999999,38.84584690833333
3.0,0.0,300.0,4.0,30.0,1280.0,720.0,60.0,16.022166666666667,0.5073333333333333,7.852612941666666
3.0,0.0,300.0,4.0,30.0,1280.0,720.0,76.0,19.372666666666667,0.6541916666666666,15.324149391666667
