representation_index,rebuffering_duration,video_bitrate,chunk_duration,framerate,width,height,mos,psnr,ssim,vmaf
4.0,1.4764173521586554,412.5,4.0,60.0,1280.0,720.0,66.66666666,36.264874999999996,0.9570833333333336,93.27274337916667
4.0,0.0,300.0,4.0,60.0,1280.0,720.0,77.14285714,37.68537500000001,0.9651000000000003,95.14063167916665
4.0,0.0,300.0,4.0,60.0,1280.0,720.0,60.0,35.69870833333333,0.9520125000000003,95.16100447083332
4.0,1.0,300.0,4.0,60.0,1280.0,720.0,57.14285714,19.345375,0.6711458333333334,40.60259181666667
4.0,0.0,300.0,1.0,60.0,1280.0,720.0,74.28571428,11.518333333333329,0.5133000000000001,12.524720583333334
4.0,0.0,300.0,1.0,60.0,1280.0,720.0,78.0,11.630333333333333,0.5198999999999999,10.30315091666667
4.0,0.0,300.0,1.0,60.0,1280.0,720.0,66.66666666,12.948666666666668,0.5608666666666665,18.711635800000003
4.0,0.0,300.0,1.0,60.0,1280.0,720.0,68.0,15.121694915254242,0.5941355932203388,11.111488728813557
