representation_index,rebuffering_duration,video_bitrate,chunk_duration,framerate,width,height,mos,psnr,ssim,vmaf
3.0,1.4764173521586554,412.5,4.0,30.0,1280.0,720.0,66.66666666,40.99975,0.9790083333333335,93.15569816666667
3.0,1.0,300.0,1.0,30.0,1280.0,720.0,62.85714286,22.89533333333333,0.8405333333333332,28.001643566666665
3.0,0.0,300.0,1.0,30.0,1280.0,720.0,60.0,19.14833333333333,0.6504333333333333,13.100571199999997
3.0,0.0,300.0,1.0,30.0,1280.0,720.0,68.0,17.16033333333333,0.565,21.6108216
3.0,0.0,300.0,1.0,30.0,1280.0,720.0,100.0,14.111333333333336,0.3688666666666668,4.346507666666667
3.0,0.0,300.0,4.0,30.0,1280.0,720.0,63.636363640000006,19.27916666666667,0.6355749999999999,38.84584690833333
3.0,0.0,300.0,4.0,30.0,1280.0,720.0,60.0,16.022166666666667,0.5073333333333333,7.852612941666666
3.0,0.0,300.0,4.0,30.0,1280.0,720.0,76.0,19.372666666666667,0.6541916666666666,15.324149391666667
