representation_index,rebuffering_duration,video_bitrate,chunk_duration,framerate,width,height,mos,psnr,ssim,vmaf
6.0,0.0,750.0,1.0,25.0,1280.0,720.0,68.0,45.90199999999999,0.9959999999999998,95.03173687999998
6.0,0.0,2850.0,1.0,25.0,1280.0,720.0,80.0,44.26320000000001,0.99504,94.62147104
6.0,0.0,2850.0,1.0,25.0,1280.0,720.0,100.0,44.6404,0.9957600000000001,95.6917138
6.0,1.0,1850.0,1.0,25.0,1280.0,720.0,76.0,28.8964,0.9762800000000001,84.15615944000001
6.0,0.0,2437.5,4.0,25.0,1280.0,720.0,68.57142858,20.4567,0.7430899999999999,39.16700938
6.0,2.0,2850.0,4.0,25.0,1280.0,720.0,61.81818182,17.790399999999998,0.67999,18.839884849999997
6.0,1.0,2437.5,4.0,25.0,1280.0,720.0,64.0,17.719,0.67164,16.80565031
6.0,0.0,2850.0,4.0,25.0,1280.0,720.0,68.57142858,16.178999999999995,0.63419,17.351518809999998
