representation_index,rebuffering_duration,video_bitrate,chunk_duration,framerate,width,height,mos,psnr,ssim,vmaf
6.0,0.0,750.0,1.0,25.0,1280.0,720.0,68.0,45.90199999999999,0.9959999999999998,95.03173687999998
6.0,0.0,2850.0,1.0,25.0,1280.0,720.0,80.0,44.26320000000001,0.99504,94.62124815999998
6.0,0.0,2850.0,1.0,25.0,1280.0,720.0,100.0,44.691999999999986,0.9958,95.62550080000001
6.0,0.0,2850.0,1.0,25.0,1280.0,720.0,76.0,43.7856,0.9948,95.05361307999999
6.0,1.0,2850.0,4.0,25.0,1280.0,720.0,68.57142858,24.2726,0.7485099999999999,42.01490535
6.0,2.0,2437.5,4.0,25.0,1280.0,720.0,61.81818182,17.790399999999998,0.67999,18.839884849999997
6.0,2.0,2100.0,4.0,25.0,1280.0,720.0,64.0,17.719,0.67164,16.80565031
6.0,0.0,1387.5,4.0,25.0,1280.0,720.0,68.57142858,16.178999999999995,0.63419,17.351518809999998
