representation_index,rebuffering_duration,video_bitrate,chunk_duration,framerate,width,height,mos,psnr,ssim,vmaf
3.0,1.0,2325.0,4.0,30.0,1280.0,720.0,66.66666666,40.977583333333335,0.9789083333333335,93.11029025833335
3.0,0.0,2850.0,1.0,30.0,1280.0,720.0,62.85714286,41.09366666666667,0.9789999999999998,91.51179513333332
3.0,0.0,2850.0,1.0,30.0,1280.0,720.0,60.0,40.97566666666667,0.9790333333333332,91.3564555333333
3.0,0.0,2850.0,1.0,30.0,1280.0,720.0,68.0,40.51433333333333,0.9746333333333335,94.09549753333333
3.0,1.0,2850.0,1.0,30.0,1280.0,720.0,100.0,14.110333333333337,0.36840000000000017,4.365654166666667
3.0,1.0,2437.5,4.0,30.0,1280.0,720.0,63.636363640000006,19.27916666666667,0.6355749999999999,38.84584690833333
3.0,0.0,1087.5,4.0,30.0,1280.0,720.0,60.0,16.022166666666667,0.5073333333333333,7.852612941666666
3.0,1.0,1325.0,4.0,30.0,1280.0,720.0,76.0,19.372666666666667,0.6541916666666666,15.324149391666667
