representation_index,rebuffering_duration,video_birate,chunk_duration,framerate,width,height,mos,psnr,ssim,vmaf
0.0,1.0,300.0,4.0,25.0,1920.0,1080.0,71.42857142,20.24369999999999,0.8296399999999998,36.71444537000001
0.0,0.0,300.0,4.0,25.0,1920.0,1080.0,62.85714286,12.2528,0.43826,24.69919563
0.0,0.0,300.0,4.0,25.0,1920.0,1080.0,68.0,15.040799999999999,0.39951000000000003,13.046583700000001
0.0,0.0,300.0,4.0,25.0,1920.0,1080.0,60.0,14.2335,0.37675,9.8805456
0.0,0.0,300.0,1.0,25.0,1920.0,1080.0,68.0,14.21,0.3806000000000001,8.944678360000001
0.0,0.0,300.0,1.0,25.0,1920.0,1080.0,64.0,14.263600000000002,0.38104000000000005,13.61103372
0.0,0.0,300.0,1.0,25.0,1920.0,1080.0,72.0,13.872,0.37876,12.998525599999999
0.0,0.0,300.0,1.0,25.0,1920.0,1080.0,71.42857142,15.113199999999999,0.42152,7.2836482799999995
