representation_index,rebuffering_duration,video_birate,chunk_duration,framerate,width,height,mos,psnr,ssim,vmaf
7.0,0.0,300.0,1.0,25.0,1280.0,720.0,85.71428572,43.2232,0.9869199999999999,94.10196604000002
7.0,0.0,300.0,1.0,25.0,1280.0,720.0,84.0,41.3544,0.9830800000000002,92.98708892
7.0,0.0,300.0,1.0,25.0,1280.0,720.0,76.0,42.538000000000004,0.9804400000000004,92.64876308
7.0,0.0,300.0,1.0,10.0,1280.0,720.0,92.0,35.70440000000001,0.9708799999999997,75.8258016
7.0,0.0,300.0,4.0,25.0,1280.0,720.0,85.71428572,40.5492,0.9720300000000001,89.68946139999998
7.0,0.0,300.0,4.0,25.0,1280.0,720.0,80.0,43.0056,0.9847500000000002,91.36242571
7.0,0.0,300.0,4.0,25.0,1280.0,720.0,74.54545454,41.8965,0.9835699999999999,91.65610345
7.0,0.0,300.0,4.0,25.0,1280.0,720.0,72.0,39.8595,0.9740500000000002,92.04392137999999
