representation_index,rebuffering_duration,video_bitrate,chunk_duration,framerate,width,height,mos,psnr,ssim,vmaf
4.0,0.0,2075.0,4.0,60.0,1280.0,720.0,66.66666666,30.74458333333333,0.8968500000000001,62.99972789166667
4.0,2.0,2600.0,4.0,60.0,1280.0,720.0,77.14285714,34.330625,0.9464125,79.51978139583333
4.0,1.0,2850.0,4.0,60.0,1280.0,720.0,60.0,30.761208333333336,0.8865375,68.30393828333334
4.0,0.0,2850.0,4.0,60.0,1280.0,720.0,57.14285714,29.444125000000003,0.8681166666666664,64.27290665416668
4.0,0.0,2850.0,1.0,60.0,1280.0,720.0,74.28571428,25.438166666666664,0.7704666666666667,34.44464218333334
4.0,0.0,2850.0,1.0,60.0,1280.0,720.0,78.0,24.07733333333333,0.7586666666666668,30.647264216666663
4.0,0.0,2850.0,1.0,60.0,1280.0,720.0,66.66666666,31.808333333333326,0.9137500000000001,74.54382745000004
4.0,0.0,2850.0,1.0,60.0,1280.0,720.0,68.0,26.692166666666683,0.8184166666666666,46.902621616666686
