representation_index,rebuffering_duration,video_bitrate,chunk_duration,framerate,width,height,mos,psnr,ssim,vmaf
4.0,2.0,2075.0,4.0,60.0,1280.0,720.0,66.66666666,29.188583333333334,0.8697708333333332,53.52002954583333
4.0,0.0,2600.0,4.0,60.0,1280.0,720.0,77.14285714,34.326499999999996,0.946475,79.46465004166666
4.0,1.0,2600.0,4.0,60.0,1280.0,720.0,60.0,28.758541666666666,0.8357875,56.21759443750001
4.0,0.0,2850.0,4.0,60.0,1280.0,720.0,57.14285714,24.89816666666667,0.7595250000000002,35.79293157916666
4.0,0.0,2850.0,1.0,60.0,1280.0,720.0,74.28571428,22.255500000000005,0.6917666666666666,15.625046700000002
4.0,0.0,2850.0,1.0,60.0,1280.0,720.0,78.0,21.311500000000002,0.68165,12.704702616666673
4.0,0.0,2850.0,1.0,60.0,1280.0,720.0,66.66666666,31.84316666666666,0.9139,74.60618048333335
4.0,0.0,2850.0,1.0,60.0,1280.0,720.0,68.0,30.378500000000006,0.8911499999999999,69.75090381666664
