representation_index,rebuffering_duration,video_bitrate,chunk_duration,framerate,width,height,mos,psnr,ssim,vmaf
4.0,0.0,2075.0,4.0,60.0,1280.0,720.0,66.66666666,30.74458333333333,0.8968500000000001,62.99972789166667
4.0,2.0,2600.0,4.0,60.0,1280.0,720.0,77.14285714,34.330625,0.9464125,79.51978139583333
4.0,1.0,2850.0,4.0,60.0,1280.0,720.0,60.0,29.915250000000004,0.8679625,62.900843675000004
4.0,0.0,2850.0,4.0,60.0,1280.0,720.0,57.14285714,26.368458333333333,0.7976791666666666,45.497849987500004
4.0,0.0,2850.0,1.0,60.0,1280.0,720.0,74.28571428,25.434166666666663,0.7704333333333333,34.44659023333332
4.0,0.0,2850.0,1.0,60.0,1280.0,720.0,78.0,24.076999999999995,0.75865,30.643514266666664
4.0,0.0,2850.0,1.0,60.0,1280.0,720.0,66.66666666,29.89416666666666,0.8817666666666668,62.83272351666666
4.0,0.0,2850.0,1.0,60.0,1280.0,720.0,68.0,30.369666666666674,0.8909499999999998,69.69538536666666
