representation_index,rebuffering_duration,video_bitrate,chunk_duration,framerate,width,height,mos,psnr,ssim,vmaf
4.0,0.0,2075.0,4.0,60.0,1280.0,720.0,66.66666666,28.350833333333327,0.851375,48.16411305416667
4.0,2.0,2600.0,4.0,60.0,1280.0,720.0,77.14285714,33.17995833333333,0.9315583333333333,72.30171726666664
4.0,1.0,2850.0,4.0,60.0,1280.0,720.0,60.0,30.754375,0.8864458333333334,68.36354530416668
4.0,0.0,2850.0,4.0,60.0,1280.0,720.0,57.14285714,29.90208333333333,0.8761791666666664,66.90089536666667
4.0,0.0,2850.0,1.0,60.0,1280.0,720.0,74.28571428,29.02366666666666,0.8498333333333334,60.38286401666667
4.0,0.0,2850.0,1.0,60.0,1280.0,720.0,78.0,26.889999999999997,0.8272166666666667,50.452868816666665
4.0,0.0,2850.0,1.0,60.0,1280.0,720.0,66.66666666,31.806833333333326,0.9136666666666666,74.50252458333331
4.0,0.0,2850.0,1.0,60.0,1280.0,720.0,68.0,30.376500000000007,0.8911666666666664,69.74414543333333
