representation_index,rebuffering_duration,video_bitrate,chunk_duration,framerate,width,height,mos,psnr,ssim,vmaf
4.0,0.0,2075.0,4.0,60.0,1280.0,720.0,66.66666666,30.278125000000003,0.8883416666666667,60.040868591666666
4.0,2.0,2600.0,4.0,60.0,1280.0,720.0,77.14285714,34.330625,0.9464125,79.51978139583333
4.0,1.0,2850.0,4.0,60.0,1280.0,720.0,60.0,30.761208333333336,0.8865375,68.30393828333334
4.0,0.0,2850.0,4.0,60.0,1280.0,720.0,57.14285714,29.902458333333332,0.8761708333333332,66.89651465416668
4.0,0.0,2850.0,1.0,60.0,1280.0,720.0,74.28571428,27.324166666666667,0.8131999999999998,47.98467563333332
4.0,0.0,2850.0,1.0,60.0,1280.0,720.0,78.0,25.471499999999995,0.7951333333333335,41.25356093333333
4.0,0.0,2850.0,1.0,60.0,1280.0,720.0,66.66666666,27.933833333333332,0.8437666666666666,50.10602901666665
4.0,0.0,2850.0,1.0,60.0,1280.0,720.0,68.0,28.480999999999998,0.8556166666666667,57.75942323333334
