representation_index,rebuffering_duration,video_bitrate,chunk_duration,framerate,width,height,mos,psnr,ssim,vmaf
4.0,2.0,2075.0,4.0,60.0,1280.0,720.0,66.66666666,30.244166666666672,0.8894249999999999,60.01763765
4.0,0.0,2600.0,4.0,60.0,1280.0,720.0,77.14285714,30.9945,0.9000041666666666,59.55484695416665
4.0,1.0,2600.0,4.0,60.0,1280.0,720.0,60.0,27.8115,0.8308,49.533534679166664
4.0,0.0,2850.0,4.0,60.0,1280.0,720.0,57.14285714,29.90179166666666,0.8761749999999997,66.89648242916667
4.0,0.0,2850.0,1.0,60.0,1280.0,720.0,74.28571428,30.74066666666666,0.8853000000000002,72.17629618333333
4.0,0.0,2850.0,1.0,60.0,1280.0,720.0,78.0,28.635999999999992,0.8608166666666668,60.82108588333334
4.0,0.0,2850.0,1.0,60.0,1280.0,720.0,66.66666666,29.900833333333324,0.88175,62.783113233333346
4.0,0.0,2850.0,1.0,60.0,1280.0,720.0,68.0,30.37450000000001,0.8910333333333329,69.75014631666667
