representation_index,rebuffering_duration,video_bitrate,chunk_duration,framerate,width,height,mos,psnr,ssim,vmaf
4.0,2.0,2075.0,4.0,60.0,1280.0,720.0,66.66666666,30.74458333333333,0.8968500000000001,62.99972789166667
4.0,0.0,2600.0,4.0,60.0,1280.0,720.0,77.14285714,34.330625,0.9464125,79.51978139583333
4.0,1.0,2600.0,4.0,60.0,1280.0,720.0,60.0,30.761208333333336,0.8865375,68.30393828333334
4.0,0.0,2850.0,4.0,60.0,1280.0,720.0,57.14285714,29.5055,0.8670583333333333,64.40440671666666
4.0,0.0,2850.0,1.0,60.0,1280.0,720.0,74.28571428,29.024499999999996,0.8499000000000002,60.34081695
4.0,0.0,2850.0,1.0,60.0,1280.0,720.0,78.0,26.889999999999997,0.8272166666666667,50.452868816666665
4.0,0.0,2850.0,1.0,60.0,1280.0,720.0,66.66666666,31.806833333333326,0.9136666666666666,74.50252458333331
4.0,0.0,2850.0,1.0,60.0,1280.0,720.0,68.0,30.376500000000007,0.8911666666666664,69.74414543333333
