representation_index,rebuffering_duration,video_bitrate,chunk_duration,framerate,width,height,mos,psnr,ssim,vmaf
4.0,0.0,2075.0,4.0,60.0,1280.0,720.0,66.66666666,28.698208333333334,0.8634791666666666,50.73287380416666
4.0,2.0,2600.0,4.0,60.0,1280.0,720.0,77.14285714,32.55158333333333,0.9258541666666666,69.193705825
4.0,1.0,2850.0,4.0,60.0,1280.0,720.0,60.0,30.759333333333334,0.8864958333333333,68.35358564583333
4.0,0.0,2850.0,4.0,60.0,1280.0,720.0,57.14285714,29.442791666666672,0.8680666666666667,64.32785708333334
4.0,0.0,2850.0,1.0,60.0,1280.0,720.0,74.28571428,30.779999999999998,0.8858333333333337,72.1921677
4.0,0.0,2850.0,1.0,60.0,1280.0,720.0,78.0,28.61433333333333,0.8603833333333336,60.756319200000014
4.0,0.0,2850.0,1.0,60.0,1280.0,720.0,66.66666666,31.818,0.9138166666666667,74.60583988333336
4.0,0.0,2850.0,1.0,60.0,1280.0,720.0,68.0,30.382166666666674,0.8911999999999998,69.76983496666665
