representation_index,rebuffering_duration,video_bitrate,chunk_duration,framerate,width,height,mos,psnr,ssim,vmaf
4.0,0.0,2075.0,4.0,60.0,1280.0,720.0,66.66666666,30.74458333333333,0.8968500000000001,62.99972789166667
4.0,2.0,2600.0,4.0,60.0,1280.0,720.0,77.14285714,34.330625,0.9464125,79.51978139583333
4.0,1.0,2850.0,4.0,60.0,1280.0,720.0,60.0,29.921375000000005,0.8662791666666667,63.18254604166667
4.0,0.0,2850.0,4.0,60.0,1280.0,720.0,57.14285714,26.08954166666667,0.7902249999999997,43.063863883333326
4.0,0.0,2850.0,1.0,60.0,1280.0,720.0,74.28571428,22.255500000000005,0.6917666666666666,15.625046700000002
4.0,0.0,2850.0,1.0,60.0,1280.0,720.0,78.0,21.311500000000002,0.68165,12.704702616666673
4.0,0.0,2850.0,1.0,60.0,1280.0,720.0,66.66666666,31.84283333333333,0.9139166666666667,74.5937812
4.0,0.0,2850.0,1.0,60.0,1280.0,720.0,68.0,28.49833333333333,0.8559000000000002,57.848644950000015
