representation_index,rebuffering_duration,video_bitrate,chunk_duration,framerate,width,height,mos,psnr,ssim,vmaf
4.0,0.0,2075.0,4.0,60.0,1280.0,720.0,66.66666666,29.18833333333334,0.8697583333333332,53.51680420416666
4.0,2.0,2600.0,4.0,60.0,1280.0,720.0,77.14285714,33.229625,0.9362041666666666,73.29235318333335
4.0,1.0,2850.0,4.0,60.0,1280.0,720.0,60.0,30.755041666666667,0.8864291666666666,68.33651715833335
4.0,0.0,2850.0,4.0,60.0,1280.0,720.0,57.14285714,29.443916666666667,0.868108333333333,64.27803628333334
4.0,0.0,2850.0,1.0,60.0,1280.0,720.0,74.28571428,30.736166666666666,0.8853333333333336,72.05339828333332
4.0,0.0,2850.0,1.0,60.0,1280.0,720.0,78.0,28.636833333333325,0.8608166666666668,60.82583805
4.0,0.0,2850.0,1.0,60.0,1280.0,720.0,66.66666666,31.810499999999998,0.9136666666666667,74.5796759
4.0,0.0,2850.0,1.0,60.0,1280.0,720.0,68.0,30.376833333333344,0.8911666666666666,69.69085128333334
