representation_index,rebuffering_duration,video_bitrate,chunk_duration,framerate,width,height,mos,psnr,ssim,vmaf
4.0,2.0,2075.0,4.0,60.0,1280.0,720.0,66.66666666,29.215083333333332,0.8725208333333334,53.91824571666666
4.0,0.0,2600.0,4.0,60.0,1280.0,720.0,77.14285714,31.964875,0.91775,65.65906482083332
4.0,1.0,2600.0,4.0,60.0,1280.0,720.0,60.0,30.221958333333337,0.879225,64.876521725
4.0,0.0,2850.0,4.0,60.0,1280.0,720.0,57.14285714,29.902291666666663,0.8761791666666665,66.89643282083334
4.0,0.0,2850.0,1.0,60.0,1280.0,720.0,74.28571428,30.74066666666666,0.8853000000000002,72.17629618333333
4.0,0.0,2850.0,1.0,60.0,1280.0,720.0,78.0,28.636833333333325,0.8608166666666668,60.82583805
4.0,0.0,2850.0,1.0,60.0,1280.0,720.0,66.66666666,31.810499999999998,0.9136666666666667,74.5796759
4.0,0.0,2850.0,1.0,60.0,1280.0,720.0,68.0,30.376833333333344,0.8911666666666666,69.69085128333334
