representation_index,rebuffering_duration,video_bitrate,chunk_duration,framerate,width,height,mos,psnr,ssim,vmaf
4.0,0.0,2075.0,4.0,60.0,1280.0,720.0,66.66666666,30.74458333333333,0.8968500000000001,62.99972789166667
4.0,2.0,2600.0,4.0,60.0,1280.0,720.0,77.14285714,34.330625,0.9464125,79.51978139583333
4.0,1.0,2850.0,4.0,60.0,1280.0,720.0,60.0,30.761208333333336,0.8865375,68.30393828333334
4.0,0.0,2850.0,4.0,60.0,1280.0,720.0,57.14285714,29.44483333333333,0.8667124999999999,64.0453291
4.0,0.0,2850.0,1.0,60.0,1280.0,720.0,74.28571428,30.74,0.8853500000000002,72.11511745
4.0,0.0,2850.0,1.0,60.0,1280.0,720.0,78.0,28.636833333333325,0.8608166666666668,60.82583805
4.0,0.0,2850.0,1.0,60.0,1280.0,720.0,66.66666666,31.810499999999998,0.9136666666666667,74.5796759
4.0,0.0,2850.0,1.0,60.0,1280.0,720.0,68.0,30.376833333333344,0.8911666666666666,69.69085128333334
