representation_index,rebuffering_duration,video_bitrate,chunk_duration,framerate,width,height,mos,psnr,ssim,vmaf
4.0,0.0,2075.0,4.0,60.0,1280.0,720.0,66.66666666,30.252958333333332,0.8905875000000001,60.207948770833355
4.0,2.0,2600.0,4.0,60.0,1280.0,720.0,77.14285714,33.16516666666666,0.9348125,73.062596
4.0,1.0,2850.0,4.0,60.0,1280.0,720.0,60.0,30.76125,0.8865375,68.30477396666667
4.0,0.0,2850.0,4.0,60.0,1280.0,720.0,57.14285714,28.996166666666664,0.8590583333333333,61.60944349583335
4.0,0.0,2850.0,1.0,60.0,1280.0,720.0,74.28571428,30.729333333333333,0.8853000000000002,72.09577233333333
4.0,0.0,2850.0,1.0,60.0,1280.0,720.0,78.0,28.636833333333325,0.8608166666666668,60.82583805
4.0,0.0,2850.0,1.0,60.0,1280.0,720.0,66.66666666,31.810499999999998,0.9136666666666667,74.5796759
4.0,0.0,2850.0,1.0,60.0,1280.0,720.0,68.0,30.376833333333344,0.8911666666666666,69.69085128333334
