representation_index,rebuffering_duration,video_bitrate,chunk_duration,framerate,width,height,mos,psnr,ssim,vmaf
4.0,2.0,2075.0,4.0,60.0,1280.0,720.0,66.66666666,30.74458333333333,0.8968500000000001,62.99972789166667
4.0,0.0,2600.0,4.0,60.0,1280.0,720.0,77.14285714,34.330625,0.9464125,79.51978139583333
4.0,1.0,2600.0,4.0,60.0,1280.0,720.0,60.0,30.761208333333336,0.8865375,68.30393828333334
4.0,0.0,2850.0,4.0,60.0,1280.0,720.0,57.14285714,29.44433333333334,0.8681249999999998,64.27460347083334
4.0,0.0,2850.0,1.0,60.0,1280.0,720.0,74.28571428,29.01616666666666,0.8498166666666668,60.33300336666666
4.0,0.0,2850.0,1.0,60.0,1280.0,720.0,78.0,26.889666666666663,0.8272666666666668,50.46428236666667
4.0,0.0,2850.0,1.0,60.0,1280.0,720.0,66.66666666,25.95116666666666,0.8009333333333334,36.493011166666676
4.0,0.0,2850.0,1.0,60.0,1280.0,720.0,68.0,26.681333333333345,0.8181833333333333,46.81059451666666
