representation_index,rebuffering_duration,video_bitrate,chunk_duration,framerate,width,height,mos,psnr,ssim,vmaf
4.0,0.0,2075.0,4.0,60.0,1280.0,720.0,66.66666666,30.2455,0.8894374999999999,60.023317954166664
4.0,2.0,2600.0,4.0,60.0,1280.0,720.0,77.14285714,33.202666666666666,0.9284000000000001,72.57792168333333
4.0,1.0,2850.0,4.0,60.0,1280.0,720.0,60.0,28.927875000000004,0.8521041666666667,56.60232033749999
4.0,0.0,2850.0,4.0,60.0,1280.0,720.0,57.14285714,29.90029166666666,0.8761583333333332,66.922012925
4.0,0.0,2850.0,1.0,60.0,1280.0,720.0,74.28571428,30.74066666666666,0.8853000000000002,72.17629618333333
4.0,0.0,2850.0,1.0,60.0,1280.0,720.0,78.0,28.637333333333327,0.86085,60.837724566666644
4.0,0.0,2850.0,1.0,60.0,1280.0,720.0,66.66666666,27.937666666666665,0.8438499999999999,50.03903725
4.0,0.0,2850.0,1.0,60.0,1280.0,720.0,68.0,26.68416666666668,0.8183166666666665,46.878919450000005
