representation_index,rebuffering_duration,video_bitrate,chunk_duration,framerate,width,height,mos,psnr,ssim,vmaf
4.0,0.0,2075.0,4.0,60.0,1280.0,720.0,66.66666666,29.188583333333334,0.8697708333333332,53.52002954583333
4.0,2.0,2600.0,4.0,60.0,1280.0,720.0,77.14285714,33.778916666666674,0.9403458333333335,76.17917486666666
4.0,1.0,2850.0,4.0,60.0,1280.0,720.0,60.0,30.754625,0.8864416666666666,68.33951105416665
4.0,0.0,2850.0,4.0,60.0,1280.0,720.0,57.14285714,29.90179166666666,0.8761749999999997,66.89648242916667
4.0,0.0,2850.0,1.0,60.0,1280.0,720.0,74.28571428,30.74066666666666,0.8853000000000002,72.17629618333333
4.0,0.0,2850.0,1.0,60.0,1280.0,720.0,78.0,28.636833333333325,0.8608166666666668,60.82583805
4.0,0.0,2850.0,1.0,60.0,1280.0,720.0,66.66666666,31.810499999999998,0.9136666666666667,74.5796759
4.0,0.0,2850.0,1.0,60.0,1280.0,720.0,68.0,30.376833333333344,0.8911666666666666,69.69085128333334
