representation_index,rebuffering_duration,video_bitrate,chunk_duration,framerate,width,height,mos,psnr,ssim,vmaf
4.0,0.0,2075.0,4.0,60.0,1280.0,720.0,66.66666666,29.848000000000013,0.8794124999999998,57.37687800416668
4.0,2.0,2600.0,4.0,60.0,1280.0,720.0,77.14285714,34.33391666666667,0.9464916666666667,79.52466562916666
4.0,1.0,2850.0,4.0,60.0,1280.0,720.0,60.0,30.75566666666667,0.8864708333333333,68.34383915000001
4.0,0.0,2850.0,4.0,60.0,1280.0,720.0,57.14285714,29.90179166666666,0.8761749999999997,66.89648242916667
4.0,0.0,2850.0,1.0,60.0,1280.0,720.0,74.28571428,30.74066666666666,0.8853000000000002,72.17629618333333
4.0,0.0,2850.0,1.0,60.0,1280.0,720.0,78.0,28.636833333333325,0.8608166666666668,60.82583805
4.0,0.0,2850.0,1.0,60.0,1280.0,720.0,66.66666666,31.810499999999998,0.9136666666666667,74.5796759
4.0,0.0,2850.0,1.0,60.0,1280.0,720.0,68.0,30.376833333333344,0.8911666666666666,69.69085128333334
