representation_index,rebuffering_duration,video_bitrate,chunk_duration,framerate,width,height,mos,psnr,ssim,vmaf
4.0,0.0,2075.0,4.0,60.0,1280.0,720.0,66.66666666,29.188583333333334,0.8697708333333332,53.52002954583333
4.0,2.0,2600.0,4.0,60.0,1280.0,720.0,77.14285714,34.326499999999996,0.946475,79.46465004166666
4.0,1.0,2850.0,4.0,60.0,1280.0,720.0,60.0,30.755041666666667,0.8864333333333333,68.33420762916668
4.0,0.0,2850.0,4.0,60.0,1280.0,720.0,57.14285714,29.496083333333328,0.8668041666666666,64.35898722083333
4.0,0.0,2850.0,1.0,60.0,1280.0,720.0,74.28571428,30.74283333333333,0.8853666666666669,72.14768381666666
4.0,0.0,2850.0,1.0,60.0,1280.0,720.0,78.0,28.636833333333325,0.8608166666666668,60.82583805
4.0,0.0,2850.0,1.0,60.0,1280.0,720.0,66.66666666,31.810499999999998,0.9136666666666667,74.5796759
4.0,0.0,2850.0,1.0,60.0,1280.0,720.0,68.0,30.376833333333344,0.8911666666666666,69.69085128333334
