representation_index,rebuffering_duration,video_bitrate,chunk_duration,framerate,width,height,mos,psnr,ssim,vmaf
4.0,0.0,2075.0,4.0,60.0,1280.0,720.0,66.66666666,30.74458333333333,0.8968500000000001,62.99972789166667
4.0,2.0,2600.0,4.0,60.0,1280.0,720.0,77.14285714,34.330625,0.9464125,79.51978139583333
4.0,1.0,2850.0,4.0,60.0,1280.0,720.0,60.0,29.9215,0.8662833333333333,63.188321887499995
4.0,0.0,2850.0,4.0,60.0,1280.0,720.0,57.14285714,28.626833333333334,0.8494375000000001,59.15256044583331
4.0,0.0,2850.0,1.0,60.0,1280.0,720.0,74.28571428,25.43266666666666,0.7704166666666666,34.47932981666667
4.0,0.0,2850.0,1.0,60.0,1280.0,720.0,78.0,24.079166666666662,0.7585833333333334,30.647919483333336
4.0,0.0,2850.0,1.0,60.0,1280.0,720.0,66.66666666,31.845166666666664,0.91395,74.64942909999998
4.0,0.0,2850.0,1.0,60.0,1280.0,720.0,68.0,26.69066666666668,0.8184166666666666,46.86157171666666
