representation_index,rebuffering_duration,video_bitrate,chunk_duration,framerate,width,height,mos,psnr,ssim,vmaf
4.0,0.0,2075.0,4.0,60.0,1280.0,720.0,66.66666666,29.188583333333334,0.8697708333333332,53.52002954583333
4.0,2.0,2600.0,4.0,60.0,1280.0,720.0,77.14285714,34.326499999999996,0.946475,79.46465004166666
4.0,1.0,2850.0,4.0,60.0,1280.0,720.0,60.0,29.13104166666667,0.8485666666666667,57.546715091666684
4.0,0.0,2850.0,4.0,60.0,1280.0,720.0,57.14285714,25.724625000000007,0.7807833333333332,40.620840112500005
4.0,0.0,2850.0,1.0,60.0,1280.0,720.0,74.28571428,27.30883333333334,0.8129666666666665,47.83595153333333
4.0,0.0,2850.0,1.0,60.0,1280.0,720.0,78.0,25.475999999999996,0.7950833333333336,41.302697416666675
4.0,0.0,2850.0,1.0,60.0,1280.0,720.0,66.66666666,29.902999999999988,0.8819500000000002,62.84637123333333
4.0,0.0,2850.0,1.0,60.0,1280.0,720.0,68.0,30.371000000000016,0.8910999999999998,69.76788024999999
