representation_index,rebuffering_duration,video_bitrate,chunk_duration,framerate,width,height,mos,psnr,ssim,vmaf
0.0,0.0,2075.0,4.0,25.0,1920.0,1080.0,71.42857142,33.163700000000006,0.9860299999999997,72.30763172
0.0,2.0,2600.0,4.0,25.0,1920.0,1080.0,62.85714286,32.3279,0.9636600000000001,86.09325592999998
0.0,1.0,2850.0,4.0,25.0,1920.0,1080.0,68.0,29.1789,0.93761,75.25895783
0.0,0.0,2850.0,4.0,25.0,1920.0,1080.0,60.0,29.1118,0.9441400000000001,74.53935422
0.0,0.0,2850.0,1.0,25.0,1920.0,1080.0,68.0,26.9408,0.88712,61.77346968000002
0.0,0.0,2850.0,1.0,25.0,1920.0,1080.0,64.0,27.1608,0.8961199999999998,56.12680848
0.0,0.0,2850.0,1.0,25.0,1920.0,1080.0,72.0,27.267200000000006,0.89148,60.675329199999986
0.0,0.0,2850.0,1.0,25.0,1920.0,1080.0,71.42857142,28.417199999999998,0.9168400000000001,70.65109303999999
