representation_index,rebuffering_duration,video_bitrate,chunk_duration,framerate,width,height,mos,psnr,ssim,vmaf
0.0,0.0,2075.0,4.0,25.0,1920.0,1080.0,71.42857142,33.251,0.9872599999999998,73.20252324
0.0,2.0,2600.0,4.0,25.0,1920.0,1080.0,62.85714286,32.3279,0.9636600000000001,86.09325592999998
0.0,1.0,2850.0,4.0,25.0,1920.0,1080.0,68.0,28.665300000000002,0.92812,71.72475331999999
0.0,0.0,2850.0,4.0,25.0,1920.0,1080.0,60.0,26.925799999999995,0.89453,58.18013887000001
0.0,0.0,2850.0,1.0,25.0,1920.0,1080.0,68.0,25.492400000000004,0.84048,49.32508132000001
0.0,0.0,2850.0,1.0,25.0,1920.0,1080.0,64.0,25.798399999999997,0.8553200000000001,44.35858851999999
0.0,0.0,2850.0,1.0,25.0,1920.0,1080.0,72.0,28.389200000000006,0.9192800000000001,70.63103204
0.0,0.0,2850.0,1.0,25.0,1920.0,1080.0,71.42857142,29.384399999999996,0.9366,78.61583932
