representation_index,rebuffering_duration,video_bitrate,chunk_duration,framerate,width,height,mos,psnr,ssim,vmaf
0.0,2.0,2075.0,4.0,25.0,1920.0,1080.0,71.42857142,33.251,0.9872599999999998,73.20252324
0.0,0.0,2600.0,4.0,25.0,1920.0,1080.0,62.85714286,32.3279,0.9636600000000001,86.09325592999998
0.0,1.0,2600.0,4.0,25.0,1920.0,1080.0,68.0,27.562,0.8836599999999999,63.21170839
0.0,0.0,2850.0,4.0,25.0,1920.0,1080.0,60.0,28.8646,0.9396500000000002,72.88292779000001
0.0,0.0,2850.0,1.0,25.0,1920.0,1080.0,68.0,29.279599999999995,0.9395600000000002,79.78644112000002
0.0,0.0,2850.0,1.0,25.0,1920.0,1080.0,64.0,29.26279999999999,0.9410000000000003,72.962535
0.0,0.0,2850.0,1.0,25.0,1920.0,1080.0,72.0,29.343599999999995,0.93904,78.28983392
0.0,0.0,2850.0,1.0,25.0,1920.0,1080.0,71.42857142,29.385599999999997,0.9369200000000001,78.62835652000001
