representation_index,rebuffering_duration,video_bitrate,chunk_duration,framerate,width,height,mos,psnr,ssim,vmaf
0.0,0.0,2075.0,4.0,25.0,1920.0,1080.0,71.42857142,33.251,0.9872599999999998,73.20252324
0.0,2.0,2600.0,4.0,25.0,1920.0,1080.0,62.85714286,32.3263,0.9636300000000001,86.08015415
0.0,1.0,2850.0,4.0,25.0,1920.0,1080.0,68.0,26.0411,0.81907,52.03893722
0.0,0.0,2850.0,4.0,25.0,1920.0,1080.0,60.0,28.5758,0.9330900000000002,70.59482505999999
0.0,0.0,2850.0,1.0,25.0,1920.0,1080.0,68.0,29.279599999999995,0.9395600000000002,79.78644112000002
0.0,0.0,2850.0,1.0,25.0,1920.0,1080.0,64.0,29.26279999999999,0.9410000000000003,72.962535
0.0,0.0,2850.0,1.0,25.0,1920.0,1080.0,72.0,29.343599999999995,0.93904,78.28983392
0.0,0.0,2850.0,1.0,25.0,1920.0,1080.0,71.42857142,29.385599999999997,0.9369200000000001,78.62835652000001
