representation_index,rebuffering_duration,video_bitrate,chunk_duration,framerate,width,height,mos,psnr,ssim,vmaf
0.0,0.0,2075.0,4.0,25.0,1920.0,1080.0,71.42857142,32.15140000000001,0.9842499999999998,70.84559623999999
0.0,2.0,2600.0,4.0,25.0,1920.0,1080.0,62.85714286,32.1615,0.96145,84.38790834
0.0,1.0,2850.0,4.0,25.0,1920.0,1080.0,68.0,29.1788,0.9376,75.28185682
0.0,0.0,2850.0,4.0,25.0,1920.0,1080.0,60.0,28.886400000000002,0.9399300000000002,72.92729425
0.0,0.0,2850.0,1.0,25.0,1920.0,1080.0,68.0,29.31999999999999,0.9402000000000003,80.01112496
0.0,0.0,2850.0,1.0,25.0,1920.0,1080.0,64.0,29.261199999999995,0.9410000000000003,72.94187256000001
0.0,0.0,2850.0,1.0,25.0,1920.0,1080.0,72.0,29.343200000000003,0.9389599999999999,78.25311476
0.0,0.0,2850.0,1.0,25.0,1920.0,1080.0,71.42857142,29.385599999999997,0.93688,78.58206319999998
