representation_index,rebuffering_duration,video_bitrate,chunk_duration,framerate,width,height,mos,psnr,ssim,vmaf
0.0,0.0,2075.0,4.0,25.0,1920.0,1080.0,71.42857142,33.251,0.9872599999999998,73.20252324
0.0,2.0,2600.0,4.0,25.0,1920.0,1080.0,62.85714286,32.3279,0.9636600000000001,86.09325592999998
0.0,1.0,2850.0,4.0,25.0,1920.0,1080.0,68.0,29.1786,0.93761,75.26131227
0.0,0.0,2850.0,4.0,25.0,1920.0,1080.0,60.0,26.996899999999997,0.88251,59.35581151999999
0.0,0.0,2850.0,1.0,25.0,1920.0,1080.0,68.0,29.287999999999993,0.9395200000000002,79.69613783999999
0.0,0.0,2850.0,1.0,25.0,1920.0,1080.0,64.0,29.262399999999992,0.9410000000000003,72.96575304
0.0,0.0,2850.0,1.0,25.0,1920.0,1080.0,72.0,29.3456,0.93904,78.25355091999998
0.0,0.0,2850.0,1.0,25.0,1920.0,1080.0,71.42857142,29.387199999999993,0.93684,78.59746675999999
