representation_index,rebuffering_duration,video_bitrate,chunk_duration,framerate,width,height,mos,psnr,ssim,vmaf
0.0,0.0,2075.0,4.0,25.0,1920.0,1080.0,71.42857142,32.151500000000006,0.9842499999999998,70.8289568
0.0,2.0,2600.0,4.0,25.0,1920.0,1080.0,62.85714286,32.3279,0.9636600000000001,86.09325592999998
0.0,1.0,2850.0,4.0,25.0,1920.0,1080.0,68.0,28.060399999999998,0.9141499999999999,67.06655674999999
0.0,0.0,2850.0,4.0,25.0,1920.0,1080.0,60.0,26.2566,0.86636,53.75596788
0.0,0.0,2850.0,1.0,25.0,1920.0,1080.0,68.0,26.9072,0.8854000000000001,61.6106232
0.0,0.0,2850.0,1.0,25.0,1920.0,1080.0,64.0,27.1588,0.8960799999999998,56.128113920000004
0.0,0.0,2850.0,1.0,25.0,1920.0,1080.0,72.0,28.392400000000002,0.91944,70.67107939999998
0.0,0.0,2850.0,1.0,25.0,1920.0,1080.0,71.42857142,29.384399999999996,0.93664,78.58350644000001
