representation_index,rebuffering_duration,video_bitrate,chunk_duration,framerate,width,height,mos,psnr,ssim,vmaf
0.0,0.0,2075.0,4.0,25.0,1920.0,1080.0,71.42857142,33.251,0.9872599999999998,73.20252324
0.0,2.0,2600.0,4.0,25.0,1920.0,1080.0,62.85714286,32.3279,0.9636600000000001,86.09325592999998
0.0,1.0,2850.0,4.0,25.0,1920.0,1080.0,68.0,29.1789,0.93761,75.25895783
0.0,0.0,2850.0,4.0,25.0,1920.0,1080.0,60.0,28.625700000000002,0.93415,70.79565166
0.0,0.0,2850.0,1.0,25.0,1920.0,1080.0,68.0,29.274399999999996,0.9391200000000001,79.76369115999996
0.0,0.0,2850.0,1.0,25.0,1920.0,1080.0,64.0,29.263599999999993,0.9410000000000003,72.98032076
0.0,0.0,2850.0,1.0,25.0,1920.0,1080.0,72.0,29.3424,0.939,78.23749812000001
0.0,0.0,2850.0,1.0,25.0,1920.0,1080.0,71.42857142,29.386799999999994,0.9368000000000001,78.6110096
