representation_index,rebuffering_duration,video_bitrate,chunk_duration,framerate,width,height,mos,psnr,ssim,vmaf
0.0,2.0,2075.0,4.0,25.0,1920.0,1080.0,71.42857142,33.251,0.9872599999999998,73.20252324
0.0,0.0,2600.0,4.0,25.0,1920.0,1080.0,62.85714286,32.3279,0.9636600000000001,86.09325592999998
0.0,1.0,2600.0,4.0,25.0,1920.0,1080.0,68.0,29.1789,0.93761,75.25676406000001
0.0,0.0,2850.0,4.0,25.0,1920.0,1080.0,60.0,28.873600000000003,0.9398400000000001,73.04055446000001
0.0,0.0,2850.0,1.0,25.0,1920.0,1080.0,68.0,28.189199999999996,0.9179600000000002,72.03948879999999
0.0,0.0,2850.0,1.0,25.0,1920.0,1080.0,64.0,28.2948,0.92244,65.61300483999999
0.0,0.0,2850.0,1.0,25.0,1920.0,1080.0,72.0,29.340799999999998,0.9388799999999999,78.21104824
0.0,0.0,2850.0,1.0,25.0,1920.0,1080.0,71.42857142,29.3876,0.9369200000000001,78.59978372000002
