representation_index,rebuffering_duration,video_bitrate,chunk_duration,framerate,width,height,mos,psnr,ssim,vmaf
0.0,0.0,2075.0,4.0,25.0,1920.0,1080.0,71.42857142,33.251,0.9872599999999998,73.20252324
0.0,2.0,2600.0,4.0,25.0,1920.0,1080.0,62.85714286,32.0861,0.9585100000000001,84.29064501999999
0.0,1.0,2850.0,4.0,25.0,1920.0,1080.0,68.0,29.179000000000002,0.9375600000000001,75.26061122
0.0,0.0,2850.0,4.0,25.0,1920.0,1080.0,60.0,29.112600000000004,0.9441600000000002,74.54636443999999
0.0,0.0,2850.0,1.0,25.0,1920.0,1080.0,68.0,29.283599999999993,0.9395600000000002,79.79751268
0.0,0.0,2850.0,1.0,25.0,1920.0,1080.0,64.0,29.263199999999994,0.9410000000000003,72.94502516
0.0,0.0,2850.0,1.0,25.0,1920.0,1080.0,72.0,28.4004,0.9201600000000001,70.68907164
0.0,0.0,2850.0,1.0,25.0,1920.0,1080.0,71.42857142,28.418799999999997,0.9172,70.65996519999999
