representation_index,rebuffering_duration,video_bitrate,chunk_duration,framerate,width,height,mos,psnr,ssim,vmaf
0.0,0.0,2075.0,4.0,25.0,1920.0,1080.0,71.42857142,33.251,0.9872599999999998,73.20252324
0.0,2.0,2600.0,4.0,25.0,1920.0,1080.0,62.85714286,32.3279,0.9636600000000001,86.09325592999998
0.0,1.0,2850.0,4.0,25.0,1920.0,1080.0,68.0,29.178600000000003,0.93761,75.26336404
0.0,0.0,2850.0,4.0,25.0,1920.0,1080.0,60.0,27.568600000000004,0.9125999999999999,63.72742491999999
0.0,0.0,2850.0,1.0,25.0,1920.0,1080.0,68.0,28.1804,0.9176800000000003,71.98243140000001
0.0,0.0,2850.0,1.0,25.0,1920.0,1080.0,64.0,28.296,0.9224800000000001,65.63822448
0.0,0.0,2850.0,1.0,25.0,1920.0,1080.0,72.0,29.340799999999998,0.9388399999999999,78.26494976000001
0.0,0.0,2850.0,1.0,25.0,1920.0,1080.0,71.42857142,29.386399999999995,0.93688,78.59956060000002
