representation_index,rebuffering_duration,video_bitrate,chunk_duration,framerate,width,height,mos,psnr,ssim,vmaf
0.0,2.0,2075.0,4.0,25.0,1920.0,1080.0,71.42857142,32.93720000000001,0.9865499999999998,72.73665185
0.0,0.0,2600.0,4.0,25.0,1920.0,1080.0,62.85714286,31.5728,0.9563599999999999,78.68941592
0.0,1.0,2600.0,4.0,25.0,1920.0,1080.0,68.0,27.396399999999996,0.88578,61.48604499999999
0.0,0.0,2850.0,4.0,25.0,1920.0,1080.0,60.0,29.1208,0.9443200000000002,74.58069823999999
0.0,0.0,2850.0,1.0,25.0,1920.0,1080.0,68.0,29.283599999999993,0.9395600000000002,79.79751268
0.0,0.0,2850.0,1.0,25.0,1920.0,1080.0,64.0,29.263199999999994,0.9410000000000003,72.94502347999997
0.0,0.0,2850.0,1.0,25.0,1920.0,1080.0,72.0,28.4008,0.9200800000000002,70.71150443999998
0.0,0.0,2850.0,1.0,25.0,1920.0,1080.0,71.42857142,29.383999999999997,0.9366399999999999,78.56657115999998
