representation_index,rebuffering_duration,video_bitrate,chunk_duration,framerate,width,height,mos,psnr,ssim,vmaf
0.0,2.0,2075.0,4.0,25.0,1920.0,1080.0,71.42857142,33.251,0.9872599999999998,73.20252324
0.0,0.0,2600.0,4.0,25.0,1920.0,1080.0,62.85714286,32.3279,0.9636600000000001,86.09325592999998
0.0,1.0,2600.0,4.0,25.0,1920.0,1080.0,68.0,29.1789,0.93761,75.25895783
0.0,0.0,2850.0,4.0,25.0,1920.0,1080.0,60.0,28.891,0.9400700000000002,72.95439526999999
0.0,0.0,2850.0,1.0,25.0,1920.0,1080.0,68.0,28.182399999999998,0.9176800000000004,71.98003735999998
0.0,0.0,2850.0,1.0,25.0,1920.0,1080.0,64.0,28.2936,0.9224000000000001,65.59548467999998
0.0,0.0,2850.0,1.0,25.0,1920.0,1080.0,72.0,25.876799999999992,0.8477600000000003,48.41657276000001
0.0,0.0,2850.0,1.0,25.0,1920.0,1080.0,71.42857142,27.278000000000002,0.8884000000000002,60.68452804000001
