representation_index,rebuffering_duration,video_bitrate,chunk_duration,framerate,width,height,mos,psnr,ssim,vmaf
0.0,2.0,2075.0,4.0,25.0,1920.0,1080.0,71.42857142,33.2342,0.9868699999999998,71.66905233
0.0,0.0,2600.0,4.0,25.0,1920.0,1080.0,62.85714286,31.899500000000003,0.95778,82.29192687
0.0,1.0,2600.0,4.0,25.0,1920.0,1080.0,68.0,28.9373,0.93184,73.46980955
0.0,0.0,2850.0,4.0,25.0,1920.0,1080.0,60.0,29.1124,0.9442200000000001,74.53703221
0.0,0.0,2850.0,1.0,25.0,1920.0,1080.0,68.0,29.283599999999993,0.9396000000000001,79.80158327999999
0.0,0.0,2850.0,1.0,25.0,1920.0,1080.0,64.0,29.2656,0.9410000000000003,72.94589151999999
0.0,0.0,2850.0,1.0,25.0,1920.0,1080.0,72.0,29.343599999999995,0.9390799999999999,78.25910044
0.0,0.0,2850.0,1.0,25.0,1920.0,1080.0,71.42857142,29.385199999999994,0.93684,78.57906544000001
