representation_index,rebuffering_duration,video_bitrate,chunk_duration,framerate,width,height,mos,psnr,ssim,vmaf
0.0,0.0,2075.0,4.0,25.0,1920.0,1080.0,71.42857142,33.251,0.9872599999999998,73.20252324
0.0,2.0,2600.0,4.0,25.0,1920.0,1080.0,62.85714286,32.3279,0.9636600000000001,86.09325592999998
0.0,1.0,2850.0,4.0,25.0,1920.0,1080.0,68.0,28.6337,0.92672,71.31015873999999
0.0,0.0,2850.0,4.0,25.0,1920.0,1080.0,60.0,26.691199999999995,0.89083,56.62258062000001
0.0,0.0,2850.0,1.0,25.0,1920.0,1080.0,68.0,22.75,0.71052,28.77419044
0.0,0.0,2850.0,1.0,25.0,1920.0,1080.0,64.0,23.054000000000002,0.72868,22.944768680000003
0.0,0.0,2850.0,1.0,25.0,1920.0,1080.0,72.0,29.338800000000003,0.9388,78.23572531999999
0.0,0.0,2850.0,1.0,25.0,1920.0,1080.0,71.42857142,28.421999999999993,0.91728,70.69307544000002
