representation_index,rebuffering_duration,video_bitrate,chunk_duration,framerate,width,height,mos,psnr,ssim,vmaf
0.0,0.0,2075.0,4.0,25.0,1920.0,1080.0,71.42857142,33.251,0.9872599999999998,73.20252324
0.0,2.0,2600.0,4.0,25.0,1920.0,1080.0,62.85714286,32.3279,0.9636600000000001,86.09325592999998
0.0,1.0,2850.0,4.0,25.0,1920.0,1080.0,68.0,28.633200000000002,0.9267099999999999,71.30476963
0.0,0.0,2850.0,4.0,25.0,1920.0,1080.0,60.0,28.400599999999997,0.9307700000000001,69.79706322999999
0.0,0.0,2850.0,1.0,25.0,1920.0,1080.0,68.0,25.5028,0.8411600000000001,49.36952584000001
0.0,0.0,2850.0,1.0,25.0,1920.0,1080.0,64.0,25.796399999999995,0.8553200000000001,44.34677352
0.0,0.0,2850.0,1.0,25.0,1920.0,1080.0,72.0,29.3404,0.9387199999999999,78.23634776
0.0,0.0,2850.0,1.0,25.0,1920.0,1080.0,71.42857142,27.2948,0.8895599999999999,60.7133812
