representation_index,rebuffering_duration,video_bitrate,chunk_duration,framerate,width,height,mos,psnr,ssim,vmaf
0.0,0.0,2075.0,4.0,25.0,1920.0,1080.0,71.42857142,32.151500000000006,0.9842499999999998,70.8289568
0.0,2.0,2600.0,4.0,25.0,1920.0,1080.0,62.85714286,32.3279,0.9636600000000001,86.09325592999998
0.0,1.0,2850.0,4.0,25.0,1920.0,1080.0,68.0,29.1789,0.93761,75.25895783
0.0,0.0,2850.0,4.0,25.0,1920.0,1080.0,60.0,28.8918,0.9400900000000002,72.95652549
0.0,0.0,2850.0,1.0,25.0,1920.0,1080.0,68.0,29.279199999999996,0.9392800000000001,79.77095804000001
0.0,0.0,2850.0,1.0,25.0,1920.0,1080.0,64.0,29.260799999999996,0.9410000000000003,72.95596356
0.0,0.0,2850.0,1.0,25.0,1920.0,1080.0,72.0,29.340799999999998,0.939,78.22639731999999
0.0,0.0,2850.0,1.0,25.0,1920.0,1080.0,71.42857142,29.386799999999994,0.9368,78.59203472000002
