representation_index,rebuffering_duration,video_bitrate,chunk_duration,framerate,width,height,mos,psnr,ssim,vmaf
0.0,2.0,2075.0,4.0,25.0,1920.0,1080.0,71.42857142,32.151500000000006,0.9842499999999998,70.8289568
0.0,0.0,2600.0,4.0,25.0,1920.0,1080.0,62.85714286,32.3279,0.9636600000000001,86.09325592999998
0.0,1.0,2600.0,4.0,25.0,1920.0,1080.0,68.0,27.575200000000002,0.88652,63.55102338
0.0,0.0,2850.0,4.0,25.0,1920.0,1080.0,60.0,25.5112,0.8327800000000001,48.29162710000001
0.0,0.0,2850.0,1.0,25.0,1920.0,1080.0,68.0,22.749200000000002,0.7104400000000001,28.743630519999996
0.0,0.0,2850.0,1.0,25.0,1920.0,1080.0,64.0,23.040399999999998,0.7288799999999999,23.113248319999997
0.0,0.0,2850.0,1.0,25.0,1920.0,1080.0,72.0,29.338799999999996,0.9387599999999999,78.22144072
0.0,0.0,2850.0,1.0,25.0,1920.0,1080.0,71.42857142,29.385199999999994,0.9369200000000001,78.58070292000001
