representation_index,rebuffering_duration,video_bitrate,chunk_duration,framerate,width,height,mos,psnr,ssim,vmaf
0.0,0.0,2075.0,4.0,25.0,1920.0,1080.0,71.42857142,32.93780000000001,0.9865499999999998,72.74560719
0.0,2.0,2600.0,4.0,25.0,1920.0,1080.0,62.85714286,31.803600000000003,0.9511400000000001,82.07016121999999
0.0,1.0,2850.0,4.0,25.0,1920.0,1080.0,68.0,28.167899999999996,0.9169299999999999,68.01661263
0.0,0.0,2850.0,4.0,25.0,1920.0,1080.0,60.0,29.110500000000002,0.9441200000000001,74.53327873
0.0,0.0,2850.0,1.0,25.0,1920.0,1080.0,68.0,29.283199999999994,0.9395600000000002,79.79698556000001
0.0,0.0,2850.0,1.0,25.0,1920.0,1080.0,64.0,29.264399999999995,0.9410000000000003,72.95996896
0.0,0.0,2850.0,1.0,25.0,1920.0,1080.0,72.0,27.278000000000002,0.8921600000000001,60.76028124000001
0.0,0.0,2850.0,1.0,25.0,1920.0,1080.0,71.42857142,27.2852,0.8888000000000001,60.67550096000001
