representation_index,rebuffering_duration,video_bitrate,chunk_duration,framerate,width,height,mos,psnr,ssim,vmaf
0.0,0.0,2075.0,4.0,25.0,1920.0,1080.0,71.42857142,31.266500000000008,0.9809099999999997,66.88462497
0.0,2.0,2600.0,4.0,25.0,1920.0,1080.0,62.85714286,31.794000000000004,0.95176,81.94180690999998
0.0,1.0,2850.0,4.0,25.0,1920.0,1080.0,68.0,29.1798,0.9375800000000001,75.26449095000001
0.0,0.0,2850.0,4.0,25.0,1920.0,1080.0,60.0,29.113200000000003,0.9441800000000001,74.54499669
0.0,0.0,2850.0,1.0,25.0,1920.0,1080.0,68.0,28.189199999999996,0.9179600000000002,72.03948879999999
0.0,0.0,2850.0,1.0,25.0,1920.0,1080.0,64.0,28.2948,0.92244,65.61300483999999
0.0,0.0,2850.0,1.0,25.0,1920.0,1080.0,72.0,29.340799999999998,0.9388799999999999,78.21104824
0.0,0.0,2850.0,1.0,25.0,1920.0,1080.0,71.42857142,29.3876,0.9369200000000001,78.59978372000002
