representation_index,rebuffering_duration,video_bitrate,chunk_duration,framerate,width,height,mos,psnr,ssim,vmaf
0.0,0.0,2075.0,4.0,25.0,1920.0,1080.0,71.42857142,32.151500000000006,0.9842499999999998,70.8289568
0.0,2.0,2600.0,4.0,25.0,1920.0,1080.0,62.85714286,32.088800000000006,0.95898,84.26762595
0.0,1.0,2850.0,4.0,25.0,1920.0,1080.0,68.0,29.1783,0.93759,75.2618452
0.0,0.0,2850.0,4.0,25.0,1920.0,1080.0,60.0,29.112300000000005,0.9441600000000002,74.53638766000002
0.0,0.0,2850.0,1.0,25.0,1920.0,1080.0,68.0,29.283599999999993,0.9396000000000001,79.80158327999999
0.0,0.0,2850.0,1.0,25.0,1920.0,1080.0,64.0,29.2656,0.9410000000000003,72.94589151999999
0.0,0.0,2850.0,1.0,25.0,1920.0,1080.0,72.0,29.343599999999995,0.9390799999999999,78.25910044
0.0,0.0,2850.0,1.0,25.0,1920.0,1080.0,71.42857142,29.385199999999994,0.93684,78.57906544000001
