representation_index,rebuffering_duration,video_bitrate,chunk_duration,framerate,width,height,mos,psnr,ssim,vmaf
0.0,2.0,2075.0,4.0,25.0,1920.0,1080.0,71.42857142,33.251,0.9872599999999998,73.20252324
0.0,0.0,2600.0,4.0,25.0,1920.0,1080.0,62.85714286,32.3279,0.9636600000000001,86.09325592999998
0.0,1.0,2600.0,4.0,25.0,1920.0,1080.0,68.0,28.632900000000003,0.92673,71.30386416
0.0,0.0,2850.0,4.0,25.0,1920.0,1080.0,60.0,27.3252,0.8893400000000001,61.361772959999996
0.0,0.0,2850.0,1.0,25.0,1920.0,1080.0,68.0,25.4776,0.8396000000000001,49.24672240000001
0.0,0.0,2850.0,1.0,25.0,1920.0,1080.0,64.0,25.796799999999994,0.85536,44.33532131999999
0.0,0.0,2850.0,1.0,25.0,1920.0,1080.0,72.0,29.3384,0.9386799999999998,78.22549472
0.0,0.0,2850.0,1.0,25.0,1920.0,1080.0,71.42857142,29.383599999999998,0.93684,78.58122244
