representation_index,rebuffering_duration,video_bitrate,chunk_duration,framerate,width,height,mos,psnr,ssim,vmaf
0.0,2.0,2075.0,4.0,25.0,1920.0,1080.0,71.42857142,33.251,0.9872599999999998,73.20252324
0.0,0.0,2600.0,4.0,25.0,1920.0,1080.0,62.85714286,32.3279,0.9636600000000001,86.09325592999998
0.0,1.0,2600.0,4.0,25.0,1920.0,1080.0,68.0,29.1789,0.93761,75.25895783
0.0,0.0,2850.0,4.0,25.0,1920.0,1080.0,60.0,28.569000000000003,0.9329300000000003,70.55183674999999
0.0,0.0,2850.0,1.0,25.0,1920.0,1080.0,68.0,29.279599999999995,0.9395600000000002,79.78644112000002
0.0,0.0,2850.0,1.0,25.0,1920.0,1080.0,64.0,29.263199999999994,0.9410000000000003,72.96570812
0.0,0.0,2850.0,1.0,25.0,1920.0,1080.0,72.0,29.344799999999996,0.939,78.269754
0.0,0.0,2850.0,1.0,25.0,1920.0,1080.0,71.42857142,25.932399999999998,0.848,48.766805200000015
