representation_index,rebuffering_duration,video_bitrate,chunk_duration,framerate,width,height,mos,psnr,ssim,vmaf
7.0,0.0,750.0,1.0,25.0,1280.0,720.0,85.71428572,36.423199999999994,0.92836,82.89901908000002
7.0,0.0,2850.0,1.0,25.0,1280.0,720.0,84.0,32.854000000000006,0.9001200000000001,58.37097740000001
7.0,0.0,2850.0,1.0,25.0,1280.0,720.0,76.0,41.6148,0.97972,90.17392672
7.0,0.0,1850.0,1.0,25.0,1280.0,720.0,92.0,42.5312,0.98368,90.78313328
7.0,2.0,2600.0,4.0,25.0,1280.0,720.0,85.71428572,40.70120000000001,0.9755900000000001,88.41387892
7.0,1.0,2850.0,4.0,25.0,1280.0,720.0,80.0,41.619600000000005,0.9815100000000001,89.80592990000001
7.0,0.0,2850.0,4.0,25.0,1280.0,720.0,74.54545454,41.6005,0.98176,90.97607314999999
7.0,0.0,2850.0,4.0,25.0,1280.0,720.0,72.0,39.89750000000001,0.97858,90.73970929999999
