representation_index,rebuffering_duration,video_bitrate,chunk_duration,framerate,width,height,mos,psnr,ssim,vmaf
7.0,0.0,750.0,1.0,25.0,1280.0,720.0,85.71428572,36.4252,0.92832,82.82921283999998
7.0,0.0,2850.0,1.0,25.0,1280.0,720.0,84.0,35.90239999999999,0.93156,79.93012064
7.0,0.0,2850.0,1.0,25.0,1280.0,720.0,76.0,41.08880000000001,0.9754400000000001,90.01891864
7.0,0.0,1850.0,1.0,25.0,1280.0,720.0,92.0,42.43599999999999,0.9825200000000001,90.76305304000002
7.0,2.0,2600.0,4.0,25.0,1280.0,720.0,85.71428572,40.68780000000001,0.9755100000000001,88.39712171
7.0,1.0,2850.0,4.0,25.0,1280.0,720.0,80.0,42.7186,0.9860899999999999,90.16691893000001
7.0,0.0,2850.0,4.0,25.0,1280.0,720.0,74.54545454,41.0977,0.9781400000000001,90.70942532
7.0,0.0,2850.0,4.0,25.0,1280.0,720.0,72.0,39.8742,0.97833,90.73178625999999
