representation_index,rebuffering_duration,video_bitrate,chunk_duration,framerate,width,height,mos,psnr,ssim,vmaf
7.0,0.0,750.0,1.0,25.0,1280.0,720.0,85.71428572,36.4248,0.92824,82.84324016
7.0,0.0,2850.0,1.0,25.0,1280.0,720.0,84.0,41.095200000000006,0.9773600000000002,93.65592956
7.0,0.0,2850.0,1.0,25.0,1280.0,720.0,76.0,41.19119999999999,0.9770399999999999,89.84331116000001
7.0,0.0,1850.0,1.0,25.0,1280.0,720.0,92.0,40.916,0.97824,89.06466732000001
7.0,2.0,2600.0,4.0,25.0,1280.0,720.0,85.71428572,39.6694,0.9622900000000001,86.69624336
7.0,1.0,2850.0,4.0,25.0,1280.0,720.0,80.0,42.71520000000001,0.9861,90.17106039000001
7.0,0.0,2850.0,4.0,25.0,1280.0,720.0,74.54545454,40.8306,0.97644,89.50410966000001
7.0,0.0,2850.0,4.0,25.0,1280.0,720.0,72.0,39.9143,0.9777200000000001,90.80488000999998
