representation_index,rebuffering_duration,video_bitrate,chunk_duration,framerate,width,height,mos,psnr,ssim,vmaf
7.0,0.0,750.0,1.0,25.0,1280.0,720.0,85.71428572,36.4248,0.92824,82.84324016
7.0,0.0,2850.0,1.0,25.0,1280.0,720.0,84.0,41.095200000000006,0.9773600000000002,93.65592956
7.0,0.0,2850.0,1.0,25.0,1280.0,720.0,76.0,41.185199999999995,0.9770399999999999,89.84212264000001
7.0,0.0,1850.0,1.0,25.0,1280.0,720.0,92.0,40.92280000000001,0.97824,89.02375695999999
7.0,2.0,2600.0,4.0,25.0,1280.0,720.0,85.71428572,40.1415,0.96977,87.74198515
7.0,1.0,2850.0,4.0,25.0,1280.0,720.0,80.0,42.7141,0.98603,90.18303081000002
7.0,0.0,2850.0,4.0,25.0,1280.0,720.0,74.54545454,41.6483,0.98216,90.96939554
7.0,0.0,2850.0,4.0,25.0,1280.0,720.0,72.0,39.890600000000006,0.9785500000000001,90.74753922000002
