representation_index,rebuffering_duration,video_bitrate,chunk_duration,framerate,width,height,mos,psnr,ssim,vmaf
7.0,0.0,750.0,1.0,25.0,1280.0,720.0,85.71428572,36.4252,0.92832,82.82921283999998
7.0,0.0,2850.0,1.0,25.0,1280.0,720.0,84.0,35.90239999999999,0.93156,79.93012064
7.0,0.0,2850.0,1.0,25.0,1280.0,720.0,76.0,41.0904,0.97548,90.02272628
7.0,0.0,1850.0,1.0,25.0,1280.0,720.0,92.0,42.394000000000005,0.9824,90.76538496000003
7.0,2.0,2600.0,4.0,25.0,1280.0,720.0,85.71428572,39.8394,0.96803,87.23389708000002
7.0,1.0,2850.0,4.0,25.0,1280.0,720.0,80.0,42.7098,0.9860199999999999,90.15186256999999
7.0,0.0,2850.0,4.0,25.0,1280.0,720.0,74.54545454,41.3121,0.98102,90.3461322
7.0,0.0,2850.0,4.0,25.0,1280.0,720.0,72.0,39.8718,0.9783600000000001,90.71620785
