representation_index,rebuffering_duration,video_bitrate,chunk_duration,framerate,width,height,mos,psnr,ssim,vmaf
7.0,0.0,750.0,1.0,25.0,1280.0,720.0,85.71428572,36.425599999999996,0.92824,82.81888776
7.0,0.0,2850.0,1.0,25.0,1280.0,720.0,84.0,41.04600000000001,0.9767199999999999,93.63019724000002
7.0,0.0,2850.0,1.0,25.0,1280.0,720.0,76.0,37.928,0.9577199999999999,80.95225656
7.0,0.0,1850.0,1.0,25.0,1280.0,720.0,92.0,42.4288,0.98204,90.85245628000001
7.0,2.0,2600.0,4.0,25.0,1280.0,720.0,85.71428572,40.6822,0.97539,88.39559114999999
7.0,1.0,2850.0,4.0,25.0,1280.0,720.0,80.0,42.7153,0.98613,90.16958410000001
7.0,0.0,2850.0,4.0,25.0,1280.0,720.0,74.54545454,41.6483,0.98216,90.96939554
7.0,0.0,2850.0,4.0,25.0,1280.0,720.0,72.0,39.890600000000006,0.9785500000000001,90.74753922000002
