representation_index,rebuffering_duration,video_bitrate,chunk_duration,framerate,width,height,mos,psnr,ssim,vmaf
7.0,0.0,750.0,1.0,25.0,1280.0,720.0,85.71428572,36.4248,0.92824,82.84324016
7.0,0.0,1850.0,1.0,25.0,1280.0,720.0,84.0,41.093599999999995,0.9773600000000002,93.69126176000002
7.0,0.0,2850.0,1.0,25.0,1280.0,720.0,76.0,41.170399999999994,0.97708,89.78861812000001
7.0,2.0,2850.0,1.0,25.0,1280.0,720.0,92.0,42.46799999999999,0.9830800000000001,90.81916783999999
7.0,0.0,2600.0,4.0,25.0,1280.0,720.0,85.71428572,40.69649999999999,0.9754700000000002,88.42338302
7.0,1.0,2600.0,4.0,25.0,1280.0,720.0,80.0,41.8605,0.9813599999999999,89.59789478
7.0,0.0,2850.0,4.0,25.0,1280.0,720.0,74.54545454,38.8216,0.9470700000000001,83.25847551
7.0,0.0,2850.0,4.0,25.0,1280.0,720.0,72.0,37.2265,0.9456300000000002,85.15685520000001
