representation_index,rebuffering_duration,video_bitrate,chunk_duration,framerate,width,height,mos,psnr,ssim,vmaf
7.0,0.0,750.0,1.0,25.0,1280.0,720.0,85.71428572,36.42479999999998,0.92832,82.76227440000001
7.0,0.0,2850.0,1.0,25.0,1280.0,720.0,84.0,39.9568,0.9754400000000001,90.85116640000003
7.0,0.0,2850.0,1.0,25.0,1280.0,720.0,76.0,40.824,0.9758399999999999,89.56917291999999
7.0,0.0,1850.0,1.0,25.0,1280.0,720.0,92.0,42.4392,0.9830000000000001,90.71891772000001
7.0,2.0,2600.0,4.0,25.0,1280.0,720.0,85.71428572,40.062400000000004,0.9715900000000001,87.4985195
7.0,1.0,2850.0,4.0,25.0,1280.0,720.0,80.0,40.625299999999996,0.9767600000000001,88.61946788999998
7.0,0.0,2850.0,4.0,25.0,1280.0,720.0,74.54545454,41.35380000000001,0.9800899999999999,90.84145888
7.0,0.0,2850.0,4.0,25.0,1280.0,720.0,72.0,38.3131,0.9655400000000001,87.60426497
