representation_index,rebuffering_duration,video_bitrate,chunk_duration,framerate,width,height,mos,psnr,ssim,vmaf
7.0,0.0,750.0,1.0,25.0,1280.0,720.0,85.71428572,36.426,0.92824,82.87912932
7.0,0.0,1850.0,1.0,25.0,1280.0,720.0,84.0,37.843599999999995,0.9569199999999998,86.37122731999997
7.0,0.0,2850.0,1.0,25.0,1280.0,720.0,76.0,40.958800000000004,0.9751199999999999,89.76429616000001
7.0,2.0,2850.0,1.0,25.0,1280.0,720.0,92.0,42.416399999999996,0.98248,90.68061439999998
7.0,0.0,2600.0,4.0,25.0,1280.0,720.0,85.71428572,40.68759999999999,0.97545,88.39362895000002
7.0,1.0,2600.0,4.0,25.0,1280.0,720.0,80.0,42.7145,0.98607,90.17925272
7.0,0.0,2850.0,4.0,25.0,1280.0,720.0,74.54545454,41.6483,0.98216,90.96939554
7.0,0.0,2850.0,4.0,25.0,1280.0,720.0,72.0,39.890600000000006,0.9785500000000001,90.74753922000002
