representation_index,rebuffering_duration,video_bitrate,chunk_duration,framerate,width,height,mos,psnr,ssim,vmaf
7.0,0.0,750.0,1.0,25.0,1280.0,720.0,85.71428572,36.42479999999998,0.92832,82.76227440000001
7.0,0.0,2850.0,1.0,25.0,1280.0,720.0,84.0,39.9568,0.9754400000000001,90.85116640000003
7.0,0.0,2850.0,1.0,25.0,1280.0,720.0,76.0,40.824,0.9758399999999999,89.56917291999999
7.0,0.0,1850.0,1.0,25.0,1280.0,720.0,92.0,42.4392,0.9830000000000001,90.71891772000001
7.0,2.0,2600.0,4.0,25.0,1280.0,720.0,85.71428572,40.692099999999996,0.9755500000000001,88.45731185
7.0,1.0,2850.0,4.0,25.0,1280.0,720.0,80.0,42.71650000000001,0.98608,90.16849974000002
7.0,0.0,2850.0,4.0,25.0,1280.0,720.0,74.54545454,40.863,0.97816,90.27368096
7.0,0.0,2850.0,4.0,25.0,1280.0,720.0,72.0,39.880399999999995,0.9784200000000001,90.7340614
