representation_index,rebuffering_duration,video_bitrate,chunk_duration,framerate,width,height,mos,psnr,ssim,vmaf
7.0,0.0,750.0,1.0,25.0,1280.0,720.0,85.71428572,36.4252,0.92832,82.82921283999998
7.0,0.0,2850.0,1.0,25.0,1280.0,720.0,84.0,35.90239999999999,0.93156,79.93012064
7.0,0.0,2850.0,1.0,25.0,1280.0,720.0,76.0,41.08519999999999,0.9754400000000001,90.04348908000001
7.0,0.0,1850.0,1.0,25.0,1280.0,720.0,92.0,42.2496,0.9814000000000002,90.76392331999999
7.0,2.0,2600.0,4.0,25.0,1280.0,720.0,85.71428572,38.2525,0.94305,79.76197792
7.0,1.0,2850.0,4.0,25.0,1280.0,720.0,80.0,42.715500000000006,0.9861099999999998,90.16966351000002
7.0,0.0,2850.0,4.0,25.0,1280.0,720.0,74.54545454,41.6483,0.98216,90.96939554
7.0,0.0,2850.0,4.0,25.0,1280.0,720.0,72.0,39.890600000000006,0.9785500000000001,90.74753922000002
