representation_index,rebuffering_duration,video_bitrate,chunk_duration,framerate,width,height,mos,psnr,ssim,vmaf
7.0,0.0,750.0,1.0,25.0,1280.0,720.0,85.71428572,36.4248,0.92824,82.84324016
7.0,0.0,2850.0,1.0,25.0,1280.0,720.0,84.0,41.093599999999995,0.9773600000000002,93.69126176000002
7.0,0.0,2850.0,1.0,25.0,1280.0,720.0,76.0,41.170399999999994,0.97708,89.78861812000001
7.0,0.0,1850.0,1.0,25.0,1280.0,720.0,92.0,42.46799999999999,0.9830800000000001,90.81916783999999
7.0,2.0,2600.0,4.0,25.0,1280.0,720.0,85.71428572,40.69649999999999,0.9754700000000002,88.42338302
7.0,1.0,2850.0,4.0,25.0,1280.0,720.0,80.0,42.721500000000006,0.9861199999999999,90.16572098000003
7.0,0.0,2850.0,4.0,25.0,1280.0,720.0,74.54545454,41.3121,0.98102,90.3461322
7.0,0.0,2850.0,4.0,25.0,1280.0,720.0,72.0,39.8718,0.9783600000000001,90.71620785
