representation_index,rebuffering_duration,video_bitrate,chunk_duration,framerate,width,height,mos,psnr,ssim,vmaf
7.0,0.0,750.0,1.0,25.0,1280.0,720.0,85.71428572,36.4248,0.92824,82.84324016
7.0,0.0,1850.0,1.0,25.0,1280.0,720.0,84.0,41.09799999999999,0.9773600000000002,93.65050736
7.0,0.0,2850.0,1.0,25.0,1280.0,720.0,76.0,41.1308,0.9765199999999997,89.76096512000002
7.0,2.0,2850.0,1.0,25.0,1280.0,720.0,92.0,36.218799999999995,0.9466400000000003,81.27694979999998
7.0,0.0,2600.0,4.0,25.0,1280.0,720.0,85.71428572,38.895199999999996,0.9525399999999999,84.44898784
7.0,1.0,2600.0,4.0,25.0,1280.0,720.0,80.0,42.4423,0.98482,89.72986955000002
7.0,0.0,2850.0,4.0,25.0,1280.0,720.0,74.54545454,41.6483,0.98216,90.96939554
7.0,0.0,2850.0,4.0,25.0,1280.0,720.0,72.0,39.890600000000006,0.9785500000000001,90.74753922000002
