representation_index,rebuffering_duration,video_bitrate,chunk_duration,framerate,width,height,mos,psnr,ssim,vmaf
7.0,0.0,750.0,1.0,25.0,1280.0,720.0,85.71428572,36.42479999999998,0.92832,82.76227440000001
7.0,0.0,1850.0,1.0,25.0,1280.0,720.0,84.0,39.9568,0.9754400000000001,90.85116640000003
7.0,0.0,2850.0,1.0,25.0,1280.0,720.0,76.0,40.8292,0.9758399999999999,89.51874308000001
7.0,2.0,2850.0,1.0,25.0,1280.0,720.0,92.0,42.2816,0.9819600000000003,90.72622147999999
7.0,0.0,2600.0,4.0,25.0,1280.0,720.0,85.71428572,38.029399999999995,0.9422200000000001,79.37160839999999
7.0,1.0,2600.0,4.0,25.0,1280.0,720.0,80.0,40.191500000000005,0.9541299999999999,85.96103289000001
7.0,0.0,2850.0,4.0,25.0,1280.0,720.0,74.54545454,41.6483,0.98216,90.96939554
7.0,0.0,2850.0,4.0,25.0,1280.0,720.0,72.0,39.439800000000005,0.9743600000000001,89.97327103
