representation_index,rebuffering_duration,video_bitrate,chunk_duration,framerate,width,height,mos,psnr,ssim,vmaf
7.0,0.0,750.0,1.0,25.0,1280.0,720.0,85.71428572,36.423199999999994,0.92836,82.89901908000002
7.0,0.0,2850.0,1.0,25.0,1280.0,720.0,84.0,32.854000000000006,0.9001200000000001,58.37097740000001
7.0,0.0,2850.0,1.0,25.0,1280.0,720.0,76.0,41.6148,0.97972,90.17392672
7.0,0.0,1850.0,1.0,25.0,1280.0,720.0,92.0,42.5312,0.98368,90.78313328
7.0,2.0,2600.0,4.0,25.0,1280.0,720.0,85.71428572,39.8048,0.9691200000000001,86.06469644
7.0,1.0,2850.0,4.0,25.0,1280.0,720.0,80.0,41.58409999999999,0.9810500000000001,89.81086692
7.0,0.0,2850.0,4.0,25.0,1280.0,720.0,74.54545454,41.59589999999999,0.9816899999999998,90.96437663
7.0,0.0,2850.0,4.0,25.0,1280.0,720.0,72.0,39.216300000000004,0.9748700000000001,89.53604078000001
