representation_index,rebuffering_duration,video_bitrate,chunk_duration,framerate,width,height,mos,psnr,ssim,vmaf
7.0,0.0,750.0,1.0,25.0,1280.0,720.0,85.71428572,36.4252,0.92832,82.82921283999998
7.0,0.0,2850.0,1.0,25.0,1280.0,720.0,84.0,35.90239999999999,0.93156,79.89265892
7.0,0.0,2850.0,1.0,25.0,1280.0,720.0,76.0,41.097199999999994,0.9754,90.00138664000002
7.0,0.0,1850.0,1.0,25.0,1280.0,720.0,92.0,40.891999999999996,0.9778399999999999,89.03526171999998
7.0,2.0,2600.0,4.0,25.0,1280.0,720.0,85.71428572,39.107400000000005,0.95309,84.88200265
7.0,1.0,2850.0,4.0,25.0,1280.0,720.0,80.0,42.727300000000014,0.9862399999999998,90.18127223000002
7.0,0.0,2850.0,4.0,25.0,1280.0,720.0,74.54545454,41.3121,0.98102,90.3461322
7.0,0.0,2850.0,4.0,25.0,1280.0,720.0,72.0,39.8718,0.9783600000000001,90.71620785
