representation_index,rebuffering_duration,video_bitrate,chunk_duration,framerate,width,height,mos,psnr,ssim,vmaf
7.0,0.0,750.0,1.0,25.0,1280.0,720.0,85.71428572,36.425599999999996,0.92824,82.82087315999999
7.0,0.0,2850.0,1.0,25.0,1280.0,720.0,84.0,41.073600000000006,0.9772400000000002,93.69357888000002
7.0,0.0,2850.0,1.0,25.0,1280.0,720.0,76.0,40.35520000000001,0.9723200000000002,86.14110855999999
7.0,0.0,1850.0,1.0,25.0,1280.0,720.0,92.0,42.4708,0.9825600000000001,90.77861264
7.0,2.0,2600.0,4.0,25.0,1280.0,720.0,85.71428572,40.687400000000004,0.9754700000000001,88.41999990999999
7.0,1.0,2850.0,4.0,25.0,1280.0,720.0,80.0,42.7197,0.9861,90.16774412000001
7.0,0.0,2850.0,4.0,25.0,1280.0,720.0,74.54545454,41.6483,0.98216,90.96939554
7.0,0.0,2850.0,4.0,25.0,1280.0,720.0,72.0,39.890600000000006,0.9785500000000001,90.74753922000002
