representation_index,rebuffering_duration,video_bitrate,chunk_duration,framerate,width,height,mos,psnr,ssim,vmaf
5.0,0.0,2325.0,4.0,30.0,1280.0,720.0,65.45454546,35.64866666666667,0.9812583333333332,98.40861302500001
5.0,1.0,2850.0,1.0,30.0,1280.0,720.0,60.0,14.264666666666665,0.4609666666666667,11.206489333333332
5.0,0.0,2850.0,1.0,30.0,1280.0,720.0,86.66666665999999,13.81,0.44643333333333346,12.389530133333329
5.0,0.0,2850.0,1.0,30.0,1280.0,720.0,72.0,14.169,0.44726666666666665,10.43408076666667
5.0,0.0,2850.0,1.0,30.0,1280.0,720.0,68.57142858,15.093333333333335,0.4699333333333333,8.284998033333334
5.0,0.0,2025.0,4.0,30.0,1280.0,720.0,68.57142858,17.284166666666668,0.54815,4.783907300000001
5.0,0.0,2850.0,4.0,30.0,1280.0,720.0,76.0,17.952416666666668,0.5689333333333334,3.403130066666667
5.0,1.0,2850.0,4.0,30.0,1280.0,720.0,68.88888888,15.82975,0.4973416666666667,8.084251358333333
