representation_index,rebuffering_duration,video_bitrate,chunk_duration,framerate,width,height,mos,psnr,ssim,vmaf
2.0,2.0,750.0,1.0,25.0,1280.0,720.0,86.66666665999999,35.673599999999986,0.9788000000000001,96.11151140000001
2.0,0.0,750.0,1.0,25.0,1280.0,720.0,60.0,35.33600000000001,0.9760399999999997,100.0
2.0,0.0,2850.0,1.0,25.0,1280.0,720.0,72.0,35.6812,0.9769200000000001,99.69153772
2.0,0.0,2850.0,1.0,25.0,1280.0,720.0,68.0,35.852399999999996,0.9788800000000001,99.19300215999999
2.0,1.0,2850.0,4.0,25.0,1280.0,720.0,64.0,22.363599999999998,0.51223,35.34475268
2.0,0.0,2850.0,4.0,25.0,1280.0,720.0,65.71428572,12.099800000000002,0.60538,6.49396116
2.0,1.0,2850.0,4.0,25.0,1280.0,720.0,71.42857142,19.443700000000003,0.5671999999999999,6.80395023
2.0,2.0,2850.0,4.0,25.0,1280.0,720.0,80.0,33.55323750000001,0.75848,53.760532364166664
