representation_index,rebuffering_duration,video_bitrate,chunk_duration,framerate,width,height,mos,psnr,ssim,vmaf
5.0,2.0,2325.0,4.0,30.0,1280.0,720.0,65.45454546,35.650166666666664,0.9812166666666666,98.41208150833333
5.0,0.0,2850.0,1.0,30.0,1280.0,720.0,60.0,36.940666666666665,0.9833999999999999,99.41320933333331
5.0,0.0,2850.0,1.0,30.0,1280.0,720.0,86.66666665999999,36.80033333333333,0.9828999999999998,100.0
5.0,1.0,2850.0,1.0,30.0,1280.0,720.0,72.0,14.168333333333333,0.4472000000000001,10.421252899999997
5.0,0.0,2850.0,1.0,30.0,1280.0,720.0,68.57142858,15.093333333333335,0.4699333333333332,8.270262166666667
5.0,2.0,2850.0,4.0,30.0,1280.0,720.0,68.57142858,17.284083333333335,0.5481583333333333,4.790905275000001
5.0,1.0,2850.0,4.0,30.0,1280.0,720.0,76.0,17.952416666666668,0.5689333333333334,3.403130066666667
5.0,1.0,2850.0,4.0,30.0,1280.0,720.0,68.88888888,15.82975,0.4973416666666667,8.084251358333333
