representation_index,rebuffering_duration,video_bitrate,chunk_duration,framerate,width,height,mos,psnr,ssim,vmaf
4.0,0.0,2325.0,4.0,60.0,1280.0,720.0,66.66666666,36.264874999999996,0.9570833333333336,93.27274337916667
4.0,1.0,2850.0,4.0,60.0,1280.0,720.0,77.14285714,37.68537500000001,0.9651000000000003,95.14063167916665
4.0,1.0,2850.0,4.0,60.0,1280.0,720.0,60.0,35.69870833333333,0.9520125000000003,95.16100447083332
4.0,0.0,2850.0,4.0,60.0,1280.0,720.0,57.14285714,35.22425,0.9506208333333337,94.97809359583334
4.0,2.0,2850.0,1.0,60.0,1280.0,720.0,74.28571428,35.525333333333336,0.9544833333333338,96.42012385000001
4.0,0.0,2850.0,1.0,10.0,1280.0,720.0,78.0,19.460333333333327,0.6948000000000002,35.041602450000006
4.0,0.0,2850.0,1.0,60.0,1280.0,720.0,66.66666666,35.863833333333325,0.9569333333333332,94.96408903333331
4.0,0.0,2850.0,1.0,60.0,1280.0,720.0,68.0,35.15067796610171,0.9493728813559326,97.52822733898306
