representation_index,rebuffering_duration,video_bitrate,chunk_duration,framerate,width,height,mos,psnr,ssim,vmaf
3.0,1.0,2325.0,4.0,30.0,1280.0,720.0,66.66666666,40.977583333333335,0.9789083333333335,93.11029025833335
3.0,0.0,2850.0,1.0,30.0,1280.0,720.0,62.85714286,41.09366666666667,0.9789999999999998,91.51179513333332
3.0,0.0,2850.0,1.0,30.0,1280.0,720.0,60.0,40.976,0.9790333333333332,91.35770253333331
3.0,0.0,2850.0,1.0,30.0,1280.0,720.0,68.0,40.26166666666668,0.9732,93.68894559999998
3.0,0.0,2850.0,1.0,30.0,1280.0,720.0,100.0,inf,0.9785666666666667,92.4163601333333
3.0,2.0,2850.0,4.0,30.0,1280.0,720.0,63.636363640000006,23.749583333333334,0.6427583333333333,44.16907230833334
3.0,0.0,2850.0,4.0,30.0,1280.0,720.0,60.0,16.022166666666667,0.5073333333333333,7.852612941666666
3.0,0.0,2850.0,4.0,30.0,1280.0,720.0,76.0,19.372666666666667,0.6541916666666666,15.324149391666667
