representation_index,rebuffering_duration,video_bitrate,chunk_duration,framerate,width,height,mos,psnr,ssim,vmaf
4.0,0.0,2325.0,4.0,60.0,1280.0,720.0,66.66666666,36.264874999999996,0.9570833333333336,93.27274337916667
4.0,1.0,2850.0,4.0,60.0,1280.0,720.0,77.14285714,37.68537500000001,0.9651000000000003,95.14063167916665
4.0,2.0,2850.0,4.0,60.0,1280.0,720.0,60.0,19.73420833333333,0.6269625000000002,36.29009458749999
4.0,0.0,2850.0,4.0,60.0,1280.0,720.0,57.14285714,13.260333333333335,0.5317708333333334,19.129128304166667
4.0,2.0,2850.0,1.0,60.0,1280.0,720.0,74.28571428,11.518333333333329,0.5132166666666667,12.519617583333337
4.0,0.0,2850.0,1.0,60.0,1280.0,720.0,78.0,11.6295,0.5197999999999998,10.294303216666664
4.0,0.0,2850.0,1.0,60.0,1280.0,720.0,66.66666666,12.948166666666664,0.5608333333333333,18.688519350000004
4.0,0.0,2850.0,1.0,60.0,1280.0,720.0,68.0,15.120677966101699,0.5940677966101693,11.045605864406777
