representation_index,rebuffering_duration,video_bitrate,chunk_duration,framerate,width,height,mos,psnr,ssim,vmaf
6.0,0.0,750.0,1.0,25.0,1280.0,720.0,68.0,45.90199999999999,0.9959999999999998,95.03173687999998
6.0,0.0,1850.0,1.0,25.0,1280.0,720.0,80.0,44.26320000000001,0.99504,94.62124815999998
6.0,0.0,2850.0,1.0,25.0,1280.0,720.0,100.0,44.691999999999986,0.9958,95.62550080000001
6.0,0.0,2850.0,1.0,25.0,1280.0,720.0,76.0,43.7856,0.9948,95.05361307999999
6.0,0.0,2850.0,4.0,25.0,1280.0,720.0,68.57142858,40.6736,0.9908499999999999,92.91478210999999
6.0,2.0,2850.0,4.0,25.0,1280.0,720.0,61.81818182,37.4525,0.98557,90.50430754999998
6.0,3.0,2350.0,4.0,25.0,1280.0,720.0,64.0,24.4603,0.7903,41.83410883
6.0,0.0,2850.0,4.0,25.0,1280.0,720.0,68.57142858,16.179199999999998,0.63409,17.346151659999997
