representation_index,rebuffering_duration,video_bitrate,chunk_duration,framerate,width,height,mos,psnr,ssim,vmaf
4.0,0.0,2325.0,4.0,60.0,1280.0,720.0,66.66666666,36.264874999999996,0.9570833333333336,93.27274337916667
4.0,1.0,2850.0,4.0,60.0,1280.0,720.0,77.14285714,37.68537500000001,0.9651000000000003,95.14063167916665
4.0,1.0,2850.0,4.0,60.0,1280.0,720.0,60.0,35.69870833333333,0.9520125000000003,95.16100447083332
4.0,0.0,2850.0,4.0,60.0,1280.0,720.0,57.14285714,35.22425,0.9506208333333337,94.97809359583334
4.0,2.0,2850.0,1.0,60.0,1280.0,720.0,74.28571428,35.5195,0.9543500000000001,96.39958983333335
4.0,0.0,2850.0,1.0,60.0,1280.0,720.0,78.0,35.41316666666668,0.9549833333333339,98.07182865
4.0,0.0,2850.0,1.0,10.0,1280.0,720.0,66.66666666,20.830166666666667,0.7536833333333331,39.45122966666666
4.0,0.0,2850.0,1.0,60.0,1280.0,720.0,68.0,35.14372881355933,0.9493898305084747,97.50135872881357
