representation_index,rebuffering_duration,video_bitrate,chunk_duration,framerate,width,height,mos,psnr,ssim,vmaf
1.0,1.0,2325.0,4.0,30.0,1280.0,720.0,60.0,32.16608333333333,0.96695,91.74185422499997
1.0,0.0,2850.0,4.0,30.0,1280.0,720.0,62.5,31.51791666666667,0.9649833333333332,87.70306962500001
1.0,0.0,2850.0,4.0,30.0,1280.0,720.0,68.88888888,31.13133333333333,0.9679416666666665,88.01852724999999
1.0,0.0,2850.0,1.0,30.0,1280.0,720.0,80.0,30.662000000000003,0.9659666666666666,85.52200019999997
1.0,0.0,2850.0,1.0,30.0,1280.0,720.0,80.0,30.712666666666664,0.9652000000000001,84.76968896666668
1.0,0.0,1850.0,1.0,30.0,1280.0,720.0,74.28571428,30.532000000000004,0.9639666666666665,86.05338706666666
1.0,0.0,2850.0,1.0,10.0,1280.0,720.0,93.33333334000001,24.355000000000008,0.7689333333333332,46.135941466666665
1.0,2.0,2850.0,4.0,30.0,1280.0,720.0,65.71428572,31.214166666666667,0.9657083333333332,86.39428114166667
