representation_index,rebuffering_duration,video_bitrate,chunk_duration,framerate,width,height,mos,psnr,ssim,vmaf
7.0,2.0,750.0,1.0,25.0,1280.0,720.0,85.71428572,43.23080000000001,0.9869199999999999,94.10922192000002
7.0,0.0,750.0,1.0,25.0,1280.0,720.0,84.0,41.344800000000006,0.9828000000000005,93.05359772
7.0,0.0,2850.0,1.0,10.0,1280.0,720.0,76.0,32.0092,0.94592,40.0282954
7.0,0.0,2850.0,1.0,25.0,1280.0,720.0,92.0,41.8508,0.9801200000000001,90.566556
7.0,0.0,2437.5,4.0,25.0,1280.0,720.0,85.71428572,40.980999999999995,0.9740900000000001,90.23674008
7.0,0.0,2600.0,4.0,25.0,1280.0,720.0,80.0,43.0195,0.9848900000000002,91.37256408
7.0,0.0,2850.0,4.0,25.0,1280.0,720.0,74.54545454,41.8965,0.9835699999999999,91.65610345
7.0,1.0,2850.0,4.0,25.0,1280.0,720.0,72.0,39.8595,0.9740500000000002,92.04392137999999
