representation_index,rebuffering_duration,video_bitrate,chunk_duration,framerate,width,height,mos,psnr,ssim,vmaf
0.0,0.0,2325.0,4.0,25.0,1920.0,1080.0,71.42857142,34.858799999999995,0.9870799999999998,76.94587302
0.0,2.0,2850.0,4.0,25.0,1920.0,1080.0,62.85714286,19.189500000000002,0.54497,42.283945519999996
0.0,0.0,2850.0,4.0,25.0,1920.0,1080.0,68.0,15.0411,0.39952,13.065563599999999
0.0,0.0,2850.0,4.0,25.0,1920.0,1080.0,60.0,14.236699999999999,0.37684999999999996,9.87143108
0.0,2.0,2850.0,1.0,25.0,1920.0,1080.0,68.0,14.2108,0.38060000000000005,8.938155680000001
0.0,0.0,2850.0,1.0,25.0,1920.0,1080.0,64.0,14.264000000000001,0.38096,13.59999872
0.0,0.0,2850.0,1.0,25.0,1920.0,1080.0,72.0,13.872000000000003,0.3788,13.044966200000001
0.0,0.0,2850.0,1.0,25.0,1920.0,1080.0,71.42857142,15.114,0.42148,7.287285600000001
