representation_index,rebuffering_duration,video_bitrate,chunk_duration,framerate,width,height,mos,psnr,ssim,vmaf
5.0,0.0,2075.0,4.0,30.0,1280.0,720.0,65.45454546,32.17275000000001,0.9598666666666666,86.81550045833333
5.0,0.0,1850.0,1.0,30.0,1280.0,720.0,60.0,35.379,0.9791333333333334,95.3497357666667
5.0,0.0,2850.0,1.0,30.0,1280.0,720.0,86.66666665999999,34.925,0.9770333333333333,97.92584476666669
5.0,0.0,2850.0,1.0,30.0,1280.0,720.0,72.0,34.676333333333325,0.9754333333333334,97.3915391
5.0,2.0,2850.0,1.0,30.0,1280.0,720.0,68.57142858,32.13433333333333,0.9542666666666665,84.38943203333332
5.0,1.0,2850.0,4.0,30.0,1280.0,720.0,68.57142858,34.91108333333333,0.96805,86.24885738333334
5.0,0.0,2850.0,4.0,30.0,1280.0,720.0,76.0,36.812083333333334,0.9774083333333333,87.79941634166666
5.0,0.0,2850.0,4.0,30.0,1280.0,720.0,68.88888888,34.55641666666667,0.9668833333333333,85.15038640833333
