representation_index,rebuffering_duration,video_bitrate,chunk_duration,framerate,width,height,mos,psnr,ssim,vmaf
5.0,0.0,2075.0,4.0,30.0,1280.0,720.0,65.45454546,30.261166666666664,0.9205833333333335,75.405146925
5.0,0.0,1850.0,1.0,30.0,1280.0,720.0,60.0,35.380333333333326,0.9791000000000002,95.3659345
5.0,0.0,2850.0,1.0,30.0,1280.0,720.0,86.66666665999999,34.92133333333333,0.977,97.92799536666666
5.0,0.0,2850.0,1.0,30.0,1280.0,720.0,72.0,34.67633333333333,0.9754999999999999,97.39217963333334
5.0,2.0,2850.0,1.0,30.0,1280.0,720.0,68.57142858,34.849333333333334,0.9748,95.83336246666664
5.0,1.0,2850.0,4.0,30.0,1280.0,720.0,68.57142858,36.18983333333333,0.976275,90.81662280833334
5.0,0.0,2850.0,4.0,30.0,1280.0,720.0,76.0,36.81408333333333,0.977425,87.79462249166667
5.0,0.0,2850.0,4.0,30.0,1280.0,720.0,68.88888888,36.063,0.9777916666666666,90.51969804999999
