representation_index,rebuffering_duration,video_bitrate,chunk_duration,framerate,width,height,mos,psnr,ssim,vmaf
5.0,2.0,2075.0,4.0,30.0,1280.0,720.0,65.45454546,26.635333333333335,0.793025,63.93134573333333
5.0,0.0,2850.0,1.0,30.0,1280.0,720.0,60.0,12.435333333333334,0.36193333333333333,9.041633833333332
5.0,0.0,2850.0,1.0,30.0,1280.0,720.0,86.66666665999999,12.264666666666667,0.36006666666666665,11.303030333333334
5.0,0.0,2850.0,1.0,30.0,1280.0,720.0,72.0,12.359666666666667,0.36016666666666663,12.747721200000003
5.0,0.0,1850.0,1.0,30.0,1280.0,720.0,68.57142858,12.532333333333336,0.3623666666666667,10.397555066666664
5.0,1.0,2600.0,4.0,30.0,1280.0,720.0,68.57142858,12.25283333333333,0.3702666666666667,6.30160725
5.0,0.0,2850.0,4.0,30.0,1280.0,720.0,76.0,12.158333333333335,0.37403333333333333,3.7101023499999997
5.0,0.0,2850.0,4.0,30.0,1280.0,720.0,68.88888888,12.173333333333332,0.36838333333333323,6.579894100000001
