representation_index,rebuffering_duration,video_bitrate,chunk_duration,framerate,width,height,mos,psnr,ssim,vmaf
5.0,0.0,2075.0,4.0,30.0,1280.0,720.0,65.45454546,32.17275000000001,0.9598666666666666,86.81550045833333
5.0,0.0,1850.0,1.0,30.0,1280.0,720.0,60.0,35.379,0.9791333333333334,95.3497357666667
5.0,0.0,2850.0,1.0,30.0,1280.0,720.0,86.66666665999999,34.92499999999999,0.9770333333333333,97.92019773333335
5.0,0.0,2850.0,1.0,30.0,1280.0,720.0,72.0,34.67466666666666,0.9754333333333334,97.40404293333334
5.0,2.0,2850.0,1.0,30.0,1280.0,720.0,68.57142858,33.58333333333333,0.9666333333333335,91.2211372
5.0,1.0,2850.0,4.0,30.0,1280.0,720.0,68.57142858,35.84616666666667,0.974,89.62570204166667
5.0,0.0,2850.0,4.0,30.0,1280.0,720.0,76.0,36.81408333333333,0.977425,87.79462249166667
5.0,0.0,2850.0,4.0,30.0,1280.0,720.0,68.88888888,36.063,0.9777916666666666,90.51969804999999
