representation_index,rebuffering_duration,video_bitrate,chunk_duration,framerate,width,height,mos,psnr,ssim,vmaf
5.0,0.0,2075.0,4.0,30.0,1280.0,720.0,65.45454546,31.391999999999996,0.9504666666666667,82.88223086666667
5.0,0.0,1850.0,1.0,30.0,1280.0,720.0,60.0,34.05766666666667,0.9718333333333331,90.70291889999999
5.0,0.0,2850.0,1.0,30.0,1280.0,720.0,86.66666665999999,33.65400000000001,0.969466666666667,93.48181166666664
5.0,0.0,2850.0,1.0,30.0,1280.0,720.0,72.0,34.663999999999994,0.9753666666666666,97.40204636666667
5.0,2.0,2850.0,1.0,30.0,1280.0,720.0,68.57142858,34.85766666666667,0.9748,95.83422446666667
5.0,1.0,2850.0,4.0,30.0,1280.0,720.0,68.57142858,36.189166666666665,0.9762666666666666,90.80864300833333
5.0,0.0,2850.0,4.0,30.0,1280.0,720.0,76.0,36.49783333333333,0.9754083333333332,86.73215317500001
5.0,0.0,2850.0,4.0,30.0,1280.0,720.0,68.88888888,36.05,0.977725,90.51062343333331
