representation_index,rebuffering_duration,video_bitrate,chunk_duration,framerate,width,height,mos,psnr,ssim,vmaf
5.0,2.0,2075.0,4.0,30.0,1280.0,720.0,65.45454546,32.516083333333334,0.9623250000000001,88.08715224166667
5.0,0.0,2850.0,1.0,30.0,1280.0,720.0,60.0,35.379,0.9791333333333334,95.3497357666667
5.0,0.0,2850.0,1.0,30.0,1280.0,720.0,86.66666665999999,34.92433333333333,0.977,97.92129973333334
5.0,0.0,2850.0,1.0,30.0,1280.0,720.0,72.0,34.681333333333335,0.9754666666666666,97.38445019999997
5.0,0.0,1850.0,1.0,30.0,1280.0,720.0,68.57142858,34.849666666666664,0.9748333333333332,95.83592043333334
5.0,1.0,2600.0,4.0,30.0,1280.0,720.0,68.57142858,34.76808333333334,0.9653833333333335,85.02105685000001
5.0,0.0,2850.0,4.0,30.0,1280.0,720.0,76.0,36.81408333333333,0.977425,87.79462249166667
5.0,0.0,2850.0,4.0,30.0,1280.0,720.0,68.88888888,36.063,0.9777916666666666,90.51969804999999
