representation_index,rebuffering_duration,video_bitrate,chunk_duration,framerate,width,height,mos,psnr,ssim,vmaf
5.0,2.0,2075.0,4.0,30.0,1280.0,720.0,65.45454546,31.322583333333338,0.9523916666666666,83.35416198333334
5.0,0.0,2850.0,1.0,30.0,1280.0,720.0,60.0,30.626,0.9406000000000001,75.17954173333334
5.0,0.0,2850.0,1.0,30.0,1280.0,720.0,86.66666665999999,34.81100000000001,0.9757333333333332,97.70338233333332
5.0,0.0,2850.0,1.0,30.0,1280.0,720.0,72.0,34.49633333333334,0.9741666666666667,97.27378713333333
5.0,0.0,1850.0,1.0,30.0,1280.0,720.0,68.57142858,33.57166666666666,0.9662000000000001,91.06898593333332
5.0,1.0,2600.0,4.0,30.0,1280.0,720.0,68.57142858,35.74191666666667,0.9734166666666667,89.29171280833333
5.0,0.0,2850.0,4.0,30.0,1280.0,720.0,76.0,36.81791666666667,0.9774333333333334,87.78863251666667
5.0,0.0,2850.0,4.0,30.0,1280.0,720.0,68.88888888,36.063250000000004,0.977775,90.52219018333335
