representation_index,rebuffering_duration,video_bitrate,chunk_duration,framerate,width,height,mos,psnr,ssim,vmaf
5.0,0.0,2075.0,4.0,30.0,1280.0,720.0,65.45454546,32.516083333333334,0.9623250000000001,88.08715224166667
5.0,0.0,1850.0,1.0,30.0,1280.0,720.0,60.0,35.379,0.9791333333333334,95.3497357666667
5.0,0.0,2850.0,1.0,30.0,1280.0,720.0,86.66666665999999,34.92433333333333,0.977,97.92129973333334
5.0,0.0,2850.0,1.0,30.0,1280.0,720.0,72.0,34.681666666666665,0.9754666666666666,97.37652113333333
5.0,2.0,2850.0,1.0,30.0,1280.0,720.0,68.57142858,34.82033333333334,0.9747000000000001,95.72546213333335
5.0,1.0,2850.0,4.0,30.0,1280.0,720.0,68.57142858,31.70075,0.9108833333333334,65.91222830833334
5.0,0.0,2850.0,4.0,30.0,1280.0,720.0,76.0,36.815666666666665,0.9774166666666666,87.80708288333332
5.0,0.0,2850.0,4.0,30.0,1280.0,720.0,68.88888888,36.06099999999999,0.9777833333333333,90.5434703
