representation_index,rebuffering_duration,video_bitrate,chunk_duration,framerate,width,height,mos,psnr,ssim,vmaf
5.0,2.0,2075.0,4.0,30.0,1280.0,720.0,65.45454546,32.516083333333334,0.9623250000000001,88.08715224166667
5.0,0.0,2850.0,1.0,30.0,1280.0,720.0,60.0,35.379,0.9791333333333334,95.3497357666667
5.0,0.0,2850.0,1.0,30.0,1280.0,720.0,86.66666665999999,34.92433333333333,0.977,97.92129973333334
5.0,0.0,2850.0,1.0,30.0,1280.0,720.0,72.0,34.682,0.9754666666666666,97.38789996666667
5.0,0.0,1850.0,1.0,30.0,1280.0,720.0,68.57142858,34.85,0.9748,95.83853413333333
5.0,1.0,2600.0,4.0,30.0,1280.0,720.0,68.57142858,35.02491666666667,0.9660333333333333,85.51195030833334
5.0,0.0,2850.0,4.0,30.0,1280.0,720.0,76.0,36.50991666666666,0.9755416666666666,86.72011926666666
5.0,0.0,2850.0,4.0,30.0,1280.0,720.0,68.88888888,36.06316666666667,0.9777833333333333,90.53296015833334
