representation_index,rebuffering_duration,video_bitrate,chunk_duration,framerate,width,height,mos,psnr,ssim,vmaf
5.0,0.0,2075.0,4.0,30.0,1280.0,720.0,65.45454546,32.144083333333334,0.9601833333333334,86.95680985833334
5.0,0.0,1850.0,1.0,30.0,1280.0,720.0,60.0,34.031666666666666,0.9714999999999997,90.70078670000001
5.0,0.0,2850.0,1.0,30.0,1280.0,720.0,86.66666665999999,34.90366666666667,0.9767333333333333,97.89673029999999
5.0,0.0,2850.0,1.0,30.0,1280.0,720.0,72.0,34.66933333333332,0.9754000000000002,97.3773882333333
5.0,2.0,2850.0,1.0,30.0,1280.0,720.0,68.57142858,34.851,0.9748333333333332,95.79645679999999
5.0,1.0,2850.0,4.0,30.0,1280.0,720.0,68.57142858,36.18775,0.97625,90.79847616666666
5.0,0.0,2850.0,4.0,30.0,1280.0,720.0,76.0,36.81408333333333,0.977425,87.79462249166667
5.0,0.0,2850.0,4.0,30.0,1280.0,720.0,68.88888888,36.063,0.9777916666666666,90.51969804999999
