representation_index,rebuffering_duration,video_bitrate,chunk_duration,framerate,width,height,mos,psnr,ssim,vmaf
5.0,0.0,2075.0,4.0,30.0,1280.0,720.0,65.45454546,32.516083333333334,0.9623250000000001,88.08715224166667
5.0,0.0,1850.0,1.0,30.0,1280.0,720.0,60.0,35.379,0.9791333333333334,95.3497357666667
5.0,0.0,2850.0,1.0,30.0,1280.0,720.0,86.66666665999999,34.92433333333333,0.977,97.92129973333334
5.0,0.0,2850.0,1.0,30.0,1280.0,720.0,72.0,34.683,0.9754666666666666,97.39988859999998
5.0,2.0,2850.0,1.0,30.0,1280.0,720.0,68.57142858,34.37033333333333,0.9652666666666668,93.35474843333334
5.0,1.0,2850.0,4.0,30.0,1280.0,720.0,68.57142858,15.024833333333333,0.49485833333333334,5.880628191666667
5.0,0.0,2850.0,4.0,30.0,1280.0,720.0,76.0,14.187833333333334,0.49231666666666674,3.2739807166666663
5.0,0.0,2850.0,4.0,30.0,1280.0,720.0,68.88888888,13.59808333333333,0.4557416666666667,6.408083249999999
