representation_index,rebuffering_duration,video_bitrate,chunk_duration,framerate,width,height,mos,psnr,ssim,vmaf
5.0,0.0,2075.0,4.0,30.0,1280.0,720.0,65.45454546,14.900916666666665,0.40898333333333325,15.382611708333332
5.0,0.0,1850.0,1.0,30.0,1280.0,720.0,60.0,12.531666666666665,0.3625333333333334,9.010628966666665
5.0,0.0,2850.0,1.0,30.0,1280.0,720.0,86.66666665999999,12.455333333333336,0.361,11.220345533333333
5.0,0.0,2850.0,1.0,30.0,1280.0,720.0,72.0,12.489333333333327,0.35956666666666665,12.651307399999999
5.0,2.0,2850.0,1.0,30.0,1280.0,720.0,68.57142858,12.586333333333334,0.3619000000000001,10.650734800000002
5.0,1.0,2850.0,4.0,30.0,1280.0,720.0,68.57142858,12.460333333333331,0.37234999999999996,6.322967275
5.0,0.0,2850.0,4.0,30.0,1280.0,720.0,76.0,12.407,0.376525,3.689749925
5.0,0.0,2850.0,4.0,30.0,1280.0,720.0,68.88888888,12.418166666666668,0.36998333333333333,6.552470483333334
