representation_index,rebuffering_duration,video_bitrate,chunk_duration,framerate,width,height,mos,psnr,ssim,vmaf
5.0,0.0,2075.0,4.0,30.0,1280.0,720.0,65.45454546,31.392666666666663,0.9504666666666667,82.88083634166668
5.0,0.0,1850.0,1.0,30.0,1280.0,720.0,60.0,35.36666666666667,0.9790333333333334,95.32499433333334
5.0,0.0,2850.0,1.0,30.0,1280.0,720.0,86.66666665999999,27.151333333333337,0.7699666666666668,61.26571483333333
5.0,0.0,2850.0,1.0,30.0,1280.0,720.0,72.0,13.975666666666665,0.4519666666666666,12.443349966666664
5.0,2.0,2850.0,1.0,30.0,1280.0,720.0,68.57142858,13.254333333333335,0.45083333333333336,10.263355833333332
5.0,1.0,2850.0,4.0,30.0,1280.0,720.0,68.57142858,12.538416666666665,0.4564250000000001,6.3000762083333335
5.0,0.0,2850.0,4.0,30.0,1280.0,720.0,76.0,12.375166666666665,0.45966666666666695,3.6685459583333326
5.0,0.0,2850.0,4.0,30.0,1280.0,720.0,68.88888888,12.550500000000001,0.4376333333333332,6.289478216666666
