representation_index,rebuffering_duration,video_bitrate,chunk_duration,framerate,width,height,mos,psnr,ssim,vmaf
5.0,0.0,2075.0,4.0,30.0,1280.0,720.0,65.45454546,31.392666666666663,0.9504666666666667,82.88083634166668
5.0,0.0,1850.0,1.0,30.0,1280.0,720.0,60.0,35.379,0.9791333333333334,95.3497357666667
5.0,0.0,2850.0,1.0,30.0,1280.0,720.0,86.66666665999999,34.92433333333333,0.977,97.92129973333334
5.0,0.0,2850.0,1.0,30.0,1280.0,720.0,72.0,34.682,0.9754666666666666,97.38789996666667
5.0,2.0,2850.0,1.0,30.0,1280.0,720.0,68.57142858,34.85033333333333,0.9748,95.83699226666664
5.0,1.0,2850.0,4.0,30.0,1280.0,720.0,68.57142858,35.496500000000005,0.9710416666666667,87.93027921666666
5.0,0.0,2850.0,4.0,30.0,1280.0,720.0,76.0,36.81408333333333,0.977425,87.79462249166667
5.0,0.0,2850.0,4.0,30.0,1280.0,720.0,68.88888888,36.063,0.9777916666666666,90.51969804999999
