representation_index,rebuffering_duration,video_bitrate,chunk_duration,framerate,width,height,mos,psnr,ssim,vmaf
5.0,0.0,2075.0,4.0,30.0,1280.0,720.0,65.45454546,17.208916666666667,0.4977083333333334,24.325808741666663
5.0,0.0,1850.0,1.0,30.0,1280.0,720.0,60.0,12.509000000000006,0.3646,8.960084199999999
5.0,0.0,2850.0,1.0,30.0,1280.0,720.0,86.66666665999999,12.499333333333334,0.36416666666666664,11.005742199999998
5.0,0.0,2850.0,1.0,30.0,1280.0,720.0,72.0,12.548000000000002,0.36256666666666665,12.48902603333333
5.0,2.0,2850.0,1.0,30.0,1280.0,720.0,68.57142858,12.619666666666665,0.36456666666666665,10.519629033333333
5.0,1.0,2850.0,4.0,30.0,1280.0,720.0,68.57142858,12.402249999999995,0.3755583333333333,6.13558215
5.0,0.0,2850.0,4.0,30.0,1280.0,720.0,76.0,12.360666666666667,0.3808750000000001,3.588721158333333
5.0,0.0,2850.0,4.0,30.0,1280.0,720.0,68.88888888,12.354083333333332,0.37273333333333336,6.474447316666666
