representation_index,rebuffering_duration,video_bitrate,chunk_duration,framerate,width,height,mos,psnr,ssim,vmaf
5.0,0.0,2075.0,4.0,30.0,1280.0,720.0,65.45454546,30.261166666666664,0.9205833333333335,75.405146925
5.0,0.0,1850.0,1.0,30.0,1280.0,720.0,60.0,35.38166666666666,0.9791000000000002,95.37358686666667
5.0,0.0,2850.0,1.0,30.0,1280.0,720.0,86.66666665999999,34.92399999999999,0.9769666666666665,97.92246143333334
5.0,0.0,2850.0,1.0,30.0,1280.0,720.0,72.0,31.81133333333334,0.9540666666666665,87.93559236666667
5.0,2.0,2850.0,1.0,30.0,1280.0,720.0,68.57142858,34.80566666666666,0.9744333333333333,95.81431363333333
5.0,1.0,2850.0,4.0,30.0,1280.0,720.0,68.57142858,36.19075,0.9762333333333333,90.83181257499999
5.0,0.0,2850.0,4.0,30.0,1280.0,720.0,76.0,36.81616666666666,0.9774166666666667,87.80330950833334
5.0,0.0,2850.0,4.0,30.0,1280.0,720.0,68.88888888,35.40958333333333,0.9736833333333333,88.31550596666668
