representation_index,rebuffering_duration,video_bitrate,chunk_duration,framerate,width,height,mos,psnr,ssim,vmaf
5.0,0.0,2075.0,4.0,30.0,1280.0,720.0,65.45454546,24.42608333333333,0.7263000000000001,54.881713024999996
5.0,0.0,1850.0,1.0,30.0,1280.0,720.0,60.0,12.379666666666669,0.3604666666666666,9.181766266666665
5.0,0.0,2850.0,1.0,30.0,1280.0,720.0,86.66666665999999,12.254333333333332,0.3591666666666667,11.314587066666668
5.0,0.0,2850.0,1.0,30.0,1280.0,720.0,72.0,12.404333333333334,0.3588333333333333,12.749799166666666
5.0,2.0,2850.0,1.0,30.0,1280.0,720.0,68.57142858,12.553666666666667,0.36006666666666653,10.593435433333331
5.0,1.0,2850.0,4.0,30.0,1280.0,720.0,68.57142858,12.203666666666667,0.36871666666666675,6.473281033333333
5.0,0.0,2850.0,4.0,30.0,1280.0,720.0,76.0,12.134333333333334,0.3720833333333333,3.7014008250000003
5.0,0.0,2850.0,4.0,30.0,1280.0,720.0,68.88888888,12.1405,0.366675,6.667650891666668
