representation_index,rebuffering_duration,video_bitrate,chunk_duration,framerate,width,height,mos,psnr,ssim,vmaf
5.0,2.0,2075.0,4.0,30.0,1280.0,720.0,65.45454546,31.392666666666663,0.9504666666666667,82.88083634166668
5.0,0.0,2850.0,1.0,30.0,1280.0,720.0,60.0,35.37933333333333,0.9791333333333334,95.35246806666669
5.0,0.0,2850.0,1.0,30.0,1280.0,720.0,86.66666665999999,34.92399999999999,0.977,97.93234026666667
5.0,0.0,2850.0,1.0,30.0,1280.0,720.0,72.0,31.809000000000005,0.9541000000000001,87.95916450000001
5.0,0.0,1850.0,1.0,30.0,1280.0,720.0,68.57142858,34.80733333333333,0.9743666666666668,95.82182370000001
5.0,1.0,2600.0,4.0,30.0,1280.0,720.0,68.57142858,35.872,0.9742666666666666,89.68766894166669
5.0,0.0,2850.0,4.0,30.0,1280.0,720.0,76.0,36.81408333333333,0.977425,87.79462249166667
5.0,0.0,2850.0,4.0,30.0,1280.0,720.0,68.88888888,36.063,0.9777916666666666,90.51969804999999
