representation_index,rebuffering_duration,video_bitrate,chunk_duration,framerate,width,height,mos,psnr,ssim,vmaf
5.0,0.0,2075.0,4.0,30.0,1280.0,720.0,65.45454546,32.516083333333334,0.9623250000000001,88.08715224166667
5.0,0.0,1850.0,1.0,30.0,1280.0,720.0,60.0,35.379,0.9791333333333334,95.3497357666667
5.0,0.0,2850.0,1.0,30.0,1280.0,720.0,86.66666665999999,34.88733333333334,0.9769,97.86049066666666
5.0,0.0,2850.0,1.0,30.0,1280.0,720.0,72.0,20.718999999999998,0.6025666666666666,35.345216033333344
5.0,2.0,2850.0,1.0,30.0,1280.0,720.0,68.57142858,13.82066666666667,0.4485999999999999,10.4663164
5.0,1.0,2850.0,4.0,30.0,1280.0,720.0,68.57142858,12.840083333333332,0.4464666666666666,6.332665974999999
5.0,0.0,2850.0,4.0,30.0,1280.0,720.0,76.0,12.632833333333332,0.4506666666666666,3.6491515416666664
5.0,0.0,2850.0,4.0,30.0,1280.0,720.0,68.88888888,12.707333333333334,0.43125833333333347,6.303968416666667
