representation_index,rebuffering_duration,video_bitrate,chunk_duration,framerate,width,height,mos,psnr,ssim,vmaf
5.0,0.0,2075.0,4.0,30.0,1280.0,720.0,65.45454546,22.82075,0.6796666666666666,48.282257933333334
5.0,0.0,1850.0,1.0,30.0,1280.0,720.0,60.0,12.36233333333333,0.36013333333333336,9.304493266666668
5.0,0.0,2850.0,1.0,30.0,1280.0,720.0,86.66666665999999,12.282333333333332,0.3587333333333333,11.389880533333335
5.0,0.0,2850.0,1.0,30.0,1280.0,720.0,72.0,12.435,0.3582666666666668,12.626388333333335
5.0,2.0,2850.0,1.0,30.0,1280.0,720.0,68.57142858,12.575999999999999,0.3613999999999999,10.7805076
5.0,1.0,2850.0,4.0,30.0,1280.0,720.0,68.57142858,12.213750000000001,0.36920833333333336,6.433400391666667
5.0,0.0,2850.0,4.0,30.0,1280.0,720.0,76.0,12.163833333333333,0.3733833333333333,3.764805358333333
5.0,0.0,2850.0,4.0,30.0,1280.0,720.0,68.88888888,12.151333333333332,0.36689999999999995,6.777313166666666
