representation_index,rebuffering_duration,video_bitrate,chunk_duration,framerate,width,height,mos,psnr,ssim,vmaf
5.0,0.0,2075.0,4.0,30.0,1280.0,720.0,65.45454546,31.38458333333333,0.9504250000000001,82.86086891666667
5.0,0.0,1850.0,1.0,30.0,1280.0,720.0,60.0,26.25433333333333,0.8454999999999999,46.18309023333333
5.0,0.0,2850.0,1.0,30.0,1280.0,720.0,86.66666665999999,34.80366666666667,0.9757999999999999,97.69228623333332
5.0,0.0,2850.0,1.0,30.0,1280.0,720.0,72.0,34.49633333333334,0.9741666666666667,97.24577523333332
5.0,2.0,2850.0,1.0,30.0,1280.0,720.0,68.57142858,34.77766666666666,0.9741666666666665,95.4975183666667
5.0,1.0,2850.0,4.0,30.0,1280.0,720.0,68.57142858,36.06891666666667,0.9755916666666666,90.44751165833333
5.0,0.0,2850.0,4.0,30.0,1280.0,720.0,76.0,36.81791666666667,0.9774333333333334,87.78863251666667
5.0,0.0,2850.0,4.0,30.0,1280.0,720.0,68.88888888,36.063250000000004,0.977775,90.52219018333335
