representation_index,rebuffering_duration,video_bitrate,chunk_duration,framerate,width,height,mos,psnr,ssim,vmaf
5.0,0.0,2075.0,4.0,30.0,1280.0,720.0,65.45454546,31.02075,0.9483166666666667,81.74862198333334
5.0,0.0,1850.0,1.0,30.0,1280.0,720.0,60.0,30.664333333333335,0.9413333333333332,75.25124366666665
5.0,0.0,2850.0,1.0,30.0,1280.0,720.0,86.66666665999999,34.81100000000001,0.9757999999999999,97.69228263333333
5.0,0.0,2850.0,1.0,30.0,1280.0,720.0,72.0,34.49633333333335,0.9742333333333335,97.24865086666667
5.0,2.0,2850.0,1.0,30.0,1280.0,720.0,68.57142858,34.77700000000001,0.9741333333333332,95.4526771
5.0,1.0,2850.0,4.0,30.0,1280.0,720.0,68.57142858,36.068083333333334,0.9756166666666668,90.47686105833333
5.0,0.0,2850.0,4.0,30.0,1280.0,720.0,76.0,36.49883333333334,0.975425,86.72561493333333
5.0,0.0,2850.0,4.0,30.0,1280.0,720.0,68.88888888,36.05266666666667,0.9777583333333333,90.52600512500001
