representation_index,rebuffering_duration,video_bitrate,chunk_duration,framerate,width,height,mos,psnr,ssim,vmaf
5.0,0.0,2075.0,4.0,30.0,1280.0,720.0,65.45454546,18.894000000000002,0.5547,31.838319891666668
5.0,0.0,1850.0,1.0,30.0,1280.0,720.0,60.0,12.342999999999998,0.3597666666666667,9.3041156
5.0,0.0,2850.0,1.0,30.0,1280.0,720.0,86.66666665999999,12.390333333333334,0.3591666666666668,11.320367333333333
5.0,0.0,2850.0,1.0,30.0,1280.0,720.0,72.0,12.460666666666668,0.3582999999999999,12.6778173
5.0,2.0,2850.0,1.0,30.0,1280.0,720.0,68.57142858,12.557666666666668,0.3610333333333334,10.628217866666665
5.0,1.0,2850.0,4.0,30.0,1280.0,720.0,68.57142858,12.281000000000002,0.36973333333333325,6.296699708333334
5.0,0.0,2850.0,4.0,30.0,1280.0,720.0,76.0,12.249166666666667,0.37353333333333333,3.6539016916666673
5.0,0.0,2850.0,4.0,30.0,1280.0,720.0,68.88888888,12.238750000000001,0.3677750000000001,6.763956850000001
