representation_index,rebuffering_duration,video_bitrate,chunk_duration,framerate,width,height,mos,psnr,ssim,vmaf
5.0,0.0,2075.0,4.0,30.0,1280.0,720.0,65.45454546,32.510083333333334,0.9623083333333334,88.07828122500001
5.0,0.0,1850.0,1.0,30.0,1280.0,720.0,60.0,22.330333333333332,0.6479333333333333,35.323122900000016
5.0,0.0,2850.0,1.0,30.0,1280.0,720.0,86.66666665999999,14.093666666666666,0.46113333333333345,11.107175833333335
5.0,0.0,2850.0,1.0,30.0,1280.0,720.0,72.0,13.028,0.4448666666666668,12.391130533333335
5.0,2.0,2850.0,1.0,30.0,1280.0,720.0,68.57142858,12.613999999999999,0.45050000000000007,10.4460939
5.0,1.0,2850.0,4.0,30.0,1280.0,720.0,68.57142858,12.072000000000003,0.45245833333333335,6.092709533333334
5.0,0.0,2850.0,4.0,30.0,1280.0,720.0,76.0,12.036000000000001,0.4568500000000001,3.3369702500000002
5.0,0.0,2850.0,4.0,30.0,1280.0,720.0,68.88888888,12.356,0.4334916666666668,6.207082808333333
