representation_index,rebuffering_duration,video_bitrate,chunk_duration,framerate,width,height,mos,psnr,ssim,vmaf
5.0,0.0,2075.0,4.0,30.0,1280.0,720.0,65.45454546,31.392666666666663,0.9504666666666667,82.88083634166668
5.0,0.0,1850.0,1.0,30.0,1280.0,720.0,60.0,35.379,0.9791333333333334,95.3497357666667
5.0,0.0,2850.0,1.0,30.0,1280.0,720.0,86.66666665999999,34.92433333333333,0.977,97.92129973333334
5.0,0.0,2850.0,1.0,30.0,1280.0,720.0,72.0,34.682,0.9754666666666666,97.38789996666667
5.0,2.0,2850.0,1.0,30.0,1280.0,720.0,68.57142858,34.85133333333333,0.9748,95.85622416666665
5.0,1.0,2850.0,4.0,30.0,1280.0,720.0,68.57142858,34.836166666666664,0.9666666666666666,85.44301245833334
5.0,0.0,2850.0,4.0,30.0,1280.0,720.0,76.0,32.969166666666666,0.9393666666666666,70.03073496666666
5.0,0.0,2850.0,4.0,30.0,1280.0,720.0,68.88888888,34.292500000000004,0.96525,84.33539996666667
