representation_index,rebuffering_duration,video_bitrate,chunk_duration,framerate,width,height,mos,psnr,ssim,vmaf
5.0,0.0,2075.0,4.0,30.0,1280.0,720.0,65.45454546,32.516083333333334,0.9623250000000001,88.08715224166667
5.0,0.0,1850.0,1.0,30.0,1280.0,720.0,60.0,35.379,0.9791333333333334,95.3497357666667
5.0,0.0,2850.0,1.0,30.0,1280.0,720.0,86.66666665999999,34.92499999999999,0.9770333333333333,97.92019773333335
5.0,0.0,2850.0,1.0,30.0,1280.0,720.0,72.0,34.67433333333333,0.9754333333333334,97.4002833
5.0,2.0,2850.0,1.0,30.0,1280.0,720.0,68.57142858,33.584999999999994,0.9666333333333335,91.2086347
5.0,1.0,2850.0,4.0,30.0,1280.0,720.0,68.57142858,36.18416666666667,0.9762583333333332,90.82147519999998
5.0,0.0,2850.0,4.0,30.0,1280.0,720.0,76.0,36.81408333333333,0.977425,87.79462249166667
5.0,0.0,2850.0,4.0,30.0,1280.0,720.0,68.88888888,35.29983333333333,0.9732583333333333,88.26394647499998
