representation_index,rebuffering_duration,video_bitrate,chunk_duration,framerate,width,height,mos,psnr,ssim,vmaf
5.0,0.0,2075.0,4.0,30.0,1280.0,720.0,65.45454546,32.516083333333334,0.9623250000000001,88.08715224166667
5.0,0.0,1850.0,1.0,30.0,1280.0,720.0,60.0,35.379,0.9791333333333334,95.3497357666667
5.0,0.0,2850.0,1.0,30.0,1280.0,720.0,86.66666665999999,34.92433333333333,0.977,97.92362953333335
5.0,0.0,2850.0,1.0,30.0,1280.0,720.0,72.0,34.635999999999996,0.9751666666666667,97.34888196666665
5.0,2.0,2850.0,1.0,30.0,1280.0,720.0,68.57142858,21.180000000000003,0.6125666666666668,33.41637246666668
5.0,1.0,2850.0,4.0,30.0,1280.0,720.0,68.57142858,13.804916666666665,0.45505,6.172303883333334
5.0,0.0,2850.0,4.0,30.0,1280.0,720.0,76.0,13.456833333333334,0.4565083333333334,3.4049048416666667
5.0,0.0,2850.0,4.0,30.0,1280.0,720.0,68.88888888,13.173833333333334,0.43439999999999995,6.407664116666666
