representation_index,rebuffering_duration,video_bitrate,chunk_duration,framerate,width,height,mos,psnr,ssim,vmaf
5.0,2.0,2075.0,4.0,30.0,1280.0,720.0,65.45454546,32.164166666666674,0.9598249999999999,86.7904656
5.0,0.0,2850.0,1.0,30.0,1280.0,720.0,60.0,26.25433333333333,0.8454999999999999,46.18309023333333
5.0,0.0,2850.0,1.0,30.0,1280.0,720.0,86.66666665999999,34.803000000000004,0.9757999999999999,97.69022850000002
5.0,0.0,2850.0,1.0,30.0,1280.0,720.0,72.0,34.49433333333334,0.9742000000000001,97.23364046666667
5.0,0.0,1850.0,1.0,30.0,1280.0,720.0,68.57142858,33.576333333333324,0.9662000000000001,91.09934893333333
5.0,1.0,2600.0,4.0,30.0,1280.0,720.0,68.57142858,33.76716666666667,0.9545999999999999,79.88454086666667
5.0,0.0,2850.0,4.0,30.0,1280.0,720.0,76.0,36.81791666666667,0.9774333333333334,87.78863251666667
5.0,0.0,2850.0,4.0,30.0,1280.0,720.0,68.88888888,35.74633333333334,0.9756166666666666,89.45622990000001
