representation_index,rebuffering_duration,video_bitrate,chunk_duration,framerate,width,height,mos,psnr,ssim,vmaf
5.0,0.0,2075.0,4.0,30.0,1280.0,720.0,65.45454546,32.1445,0.9601833333333334,86.95749352500002
5.0,0.0,1850.0,1.0,30.0,1280.0,720.0,60.0,32.48433333333333,0.9602333333333332,84.0040849
5.0,0.0,2850.0,1.0,30.0,1280.0,720.0,86.66666665999999,34.82333333333334,0.9761,97.67976956666668
5.0,0.0,2850.0,1.0,30.0,1280.0,720.0,72.0,34.50000000000001,0.9742666666666667,97.24706506666666
5.0,2.0,2850.0,1.0,30.0,1280.0,720.0,68.57142858,34.778999999999996,0.9741666666666666,95.48180623333336
5.0,1.0,2850.0,4.0,30.0,1280.0,720.0,68.57142858,36.06733333333334,0.9756166666666668,90.45772854166667
5.0,0.0,2850.0,4.0,30.0,1280.0,720.0,76.0,36.146,0.9728166666666667,85.23125282499998
5.0,0.0,2850.0,4.0,30.0,1280.0,720.0,68.88888888,36.042500000000004,0.9776416666666666,90.51439392499998
