representation_index,rebuffering_duration,video_bitrate,chunk_duration,framerate,width,height,mos,psnr,ssim,vmaf
3.0,0.0,2075.0,4.0,30.0,1280.0,720.0,66.66666666,37.01650000000001,0.9585916666666666,80.00764005833332
3.0,0.0,1850.0,1.0,30.0,1280.0,720.0,62.85714286,32.08166666666666,0.8885666666666665,47.549422700000015
3.0,0.0,2850.0,1.0,30.0,1280.0,720.0,60.0,39.600666666666676,0.9808666666666669,90.45892703333332
3.0,0.0,2850.0,1.0,30.0,1280.0,720.0,68.0,38.80233333333334,0.9734,91.44377960000003
3.0,2.0,2850.0,1.0,30.0,1280.0,720.0,100.0,inf,0.9800333333333332,91.05236616666664
3.0,1.0,2850.0,4.0,30.0,1280.0,720.0,63.636363640000006,39.52716666666667,0.9773000000000001,90.83449870000001
3.0,0.0,2850.0,4.0,30.0,1280.0,720.0,60.0,36.903666666666666,0.9603916666666664,93.75964445833336
3.0,0.0,2850.0,4.0,30.0,1280.0,720.0,76.0,38.643499999999996,0.9738416666666667,89.21554146666665
