representation_index,rebuffering_duration,video_bitrate,chunk_duration,framerate,width,height,mos,psnr,ssim,vmaf
3.0,0.0,2075.0,4.0,30.0,1280.0,720.0,66.66666666,36.74925,0.956875,78.93891381666667
3.0,0.0,1850.0,1.0,30.0,1280.0,720.0,62.85714286,39.57966666666666,0.9798666666666669,90.61361776666665
3.0,0.0,2850.0,1.0,30.0,1280.0,720.0,60.0,39.59266666666667,0.9807333333333336,90.63019473333334
3.0,0.0,2850.0,1.0,30.0,1280.0,720.0,68.0,38.79833333333333,0.9733,91.4615266
3.0,2.0,2850.0,1.0,30.0,1280.0,720.0,100.0,inf,0.9800666666666665,91.05584409999999
3.0,1.0,2850.0,4.0,30.0,1280.0,720.0,63.636363640000006,39.52716666666667,0.9773000000000001,90.83449870000001
3.0,0.0,2850.0,4.0,30.0,1280.0,720.0,60.0,36.903666666666666,0.9603916666666664,93.75964445833336
3.0,0.0,2850.0,4.0,30.0,1280.0,720.0,76.0,38.643499999999996,0.9738416666666667,89.21554146666665
