representation_index,rebuffering_duration,video_bitrate,chunk_duration,framerate,width,height,mos,psnr,ssim,vmaf
3.0,0.0,2075.0,4.0,30.0,1280.0,720.0,66.66666666,37.58133333333333,0.965375,83.83000191666667
3.0,0.0,1850.0,1.0,30.0,1280.0,720.0,62.85714286,39.58766666666665,0.9798666666666669,90.69183443333331
3.0,0.0,2850.0,1.0,30.0,1280.0,720.0,60.0,39.59533333333334,0.9807000000000002,90.63619969999999
3.0,0.0,2850.0,1.0,30.0,1280.0,720.0,68.0,38.79666666666666,0.9733333333333334,91.42358643333334
3.0,2.0,2850.0,1.0,30.0,1280.0,720.0,100.0,inf,0.9800666666666665,91.0926578333333
3.0,1.0,2850.0,4.0,30.0,1280.0,720.0,63.636363640000006,39.52716666666667,0.9773000000000001,90.83449870000001
3.0,0.0,2850.0,4.0,30.0,1280.0,720.0,60.0,36.903666666666666,0.9603916666666664,93.75964445833336
3.0,0.0,2850.0,4.0,30.0,1280.0,720.0,76.0,38.643499999999996,0.9738416666666667,89.21554146666665
