representation_index,rebuffering_duration,video_bitrate,chunk_duration,framerate,width,height,mos,psnr,ssim,vmaf
3.0,0.0,2075.0,4.0,30.0,1280.0,720.0,66.66666666,37.857833333333325,0.9672499999999999,85.00179948333333
3.0,0.0,1850.0,1.0,30.0,1280.0,720.0,62.85714286,39.59199999999999,0.9800000000000003,90.70886193333334
3.0,0.0,2850.0,1.0,30.0,1280.0,720.0,60.0,39.59133333333333,0.9807333333333336,90.64003583333331
3.0,0.0,2850.0,1.0,30.0,1280.0,720.0,68.0,38.79466666666667,0.9733000000000002,91.42740943333332
3.0,2.0,2850.0,1.0,30.0,1280.0,720.0,100.0,inf,0.9672000000000001,83.17427053333333
3.0,1.0,2850.0,4.0,30.0,1280.0,720.0,63.636363640000006,38.34141666666667,0.9681833333333333,87.23762965833335
3.0,0.0,2850.0,4.0,30.0,1280.0,720.0,60.0,36.91125,0.9604416666666664,93.77890988333334
3.0,0.0,2850.0,4.0,30.0,1280.0,720.0,76.0,37.25449999999999,0.9589833333333333,82.45429395833332
