representation_index,rebuffering_duration,video_bitrate,chunk_duration,framerate,width,height,mos,psnr,ssim,vmaf
3.0,2.0,2075.0,4.0,30.0,1280.0,720.0,66.66666666,37.031000000000006,0.9586833333333333,80.04387979999998
3.0,0.0,2850.0,1.0,30.0,1280.0,720.0,62.85714286,39.59833333333332,0.9799333333333335,90.72028876666666
3.0,0.0,2850.0,1.0,30.0,1280.0,720.0,60.0,39.586333333333336,0.9805333333333336,90.62773673333336
3.0,0.0,2850.0,1.0,30.0,1280.0,720.0,68.0,36.619,0.9519000000000001,80.83040186666668
3.0,0.0,1850.0,1.0,30.0,1280.0,720.0,100.0,inf,0.9802333333333333,91.0861769333333
3.0,1.0,2600.0,4.0,30.0,1280.0,720.0,63.636363640000006,39.382583333333336,0.9762333333333333,89.93511521666666
3.0,0.0,2850.0,4.0,30.0,1280.0,720.0,60.0,36.91325,0.9604083333333331,93.79106120833333
3.0,0.0,2850.0,4.0,30.0,1280.0,720.0,76.0,38.643499999999996,0.9738416666666667,89.21554146666665
