representation_index,rebuffering_duration,video_bitrate,chunk_duration,framerate,width,height,mos,psnr,ssim,vmaf
3.0,0.0,2075.0,4.0,30.0,1280.0,720.0,66.66666666,37.92091666666667,0.9679250000000001,85.38645925833333
3.0,0.0,1850.0,1.0,30.0,1280.0,720.0,62.85714286,39.59566666666665,0.979966666666667,90.65698840000003
3.0,0.0,2850.0,1.0,30.0,1280.0,720.0,60.0,39.593,0.9807333333333336,90.57986416666668
3.0,0.0,2850.0,1.0,30.0,1280.0,720.0,68.0,38.79633333333334,0.9733,91.46309213333335
3.0,2.0,2850.0,1.0,30.0,1280.0,720.0,100.0,inf,0.9800666666666665,91.09715116666663
3.0,1.0,2850.0,4.0,30.0,1280.0,720.0,63.636363640000006,39.52716666666667,0.9773000000000001,90.83449870000001
3.0,0.0,2850.0,4.0,30.0,1280.0,720.0,60.0,36.903666666666666,0.9603916666666664,93.75964445833336
3.0,0.0,2850.0,4.0,30.0,1280.0,720.0,76.0,38.643499999999996,0.9738416666666667,89.21554146666665
