representation_index,rebuffering_duration,video_bitrate,chunk_duration,framerate,width,height,mos,psnr,ssim,vmaf
3.0,0.0,2075.0,4.0,30.0,1280.0,720.0,66.66666666,37.031000000000006,0.9586833333333333,80.04387979999998
3.0,0.0,1850.0,1.0,30.0,1280.0,720.0,62.85714286,39.59833333333332,0.9799333333333335,90.72832173333335
3.0,0.0,2850.0,1.0,30.0,1280.0,720.0,60.0,39.597,0.9807333333333336,90.60556426666668
3.0,0.0,2850.0,1.0,30.0,1280.0,720.0,68.0,38.79966666666667,0.9733,91.4684423
3.0,2.0,2850.0,1.0,30.0,1280.0,720.0,100.0,inf,0.9800333333333332,91.09534699999999
3.0,1.0,2850.0,4.0,30.0,1280.0,720.0,63.636363640000006,39.52716666666667,0.9773000000000001,90.83449870000001
3.0,0.0,2850.0,4.0,30.0,1280.0,720.0,60.0,36.903666666666666,0.9603916666666664,93.75964445833336
3.0,0.0,2850.0,4.0,30.0,1280.0,720.0,76.0,38.643499999999996,0.9738416666666667,89.21554146666665
