representation_index,rebuffering_duration,video_bitrate,chunk_duration,framerate,width,height,mos,psnr,ssim,vmaf
3.0,0.0,2075.0,4.0,30.0,1280.0,720.0,66.66666666,38.16875,0.9695416666666666,86.446592725
3.0,0.0,1850.0,1.0,30.0,1280.0,720.0,62.85714286,39.59766666666666,0.9800000000000003,90.63860083333336
3.0,0.0,2850.0,1.0,30.0,1280.0,720.0,60.0,39.60233333333334,0.980766666666667,90.67237100000001
3.0,0.0,2850.0,1.0,30.0,1280.0,720.0,68.0,38.79833333333333,0.9733,91.49139053333333
3.0,2.0,2850.0,1.0,30.0,1280.0,720.0,100.0,inf,0.9800666666666665,91.00153763333331
3.0,1.0,2850.0,4.0,30.0,1280.0,720.0,63.636363640000006,39.526,0.9772833333333333,90.84654128333335
3.0,0.0,2850.0,4.0,30.0,1280.0,720.0,60.0,33.92124999999999,0.9204999999999999,78.37263165833335
3.0,0.0,2850.0,4.0,30.0,1280.0,720.0,76.0,38.107749999999996,0.9706,87.62762360833332
