representation_index,rebuffering_duration,video_bitrate,chunk_duration,framerate,width,height,mos,psnr,ssim,vmaf
3.0,0.0,2075.0,4.0,30.0,1280.0,720.0,66.66666666,36.06366666666666,0.9408333333333333,72.08108319166666
3.0,0.0,1850.0,1.0,30.0,1280.0,720.0,62.85714286,39.59899999999998,0.9801333333333335,90.66792750000003
3.0,0.0,2850.0,1.0,30.0,1280.0,720.0,60.0,39.60166666666667,0.9808000000000003,90.59458869999999
3.0,0.0,2850.0,1.0,30.0,1280.0,720.0,68.0,38.79533333333334,0.9732666666666668,91.44938236666667
3.0,2.0,2850.0,1.0,30.0,1280.0,720.0,100.0,inf,0.9801,91.12098259999998
3.0,1.0,2850.0,4.0,30.0,1280.0,720.0,63.636363640000006,39.52716666666667,0.9773000000000001,90.83449870000001
3.0,0.0,2850.0,4.0,30.0,1280.0,720.0,60.0,36.903666666666666,0.9603916666666664,93.75964445833336
3.0,0.0,2850.0,4.0,30.0,1280.0,720.0,76.0,38.643499999999996,0.9738416666666667,89.21554146666665
