representation_index,rebuffering_duration,video_bitrate,chunk_duration,framerate,width,height,mos,psnr,ssim,vmaf
3.0,0.0,2075.0,4.0,30.0,1280.0,720.0,66.66666666,38.16875,0.9695416666666666,86.446592725
3.0,0.0,1850.0,1.0,30.0,1280.0,720.0,62.85714286,39.59766666666666,0.9800000000000003,90.63860083333336
3.0,0.0,2850.0,1.0,30.0,1280.0,720.0,60.0,39.60233333333334,0.980766666666667,90.67237100000001
3.0,0.0,2850.0,1.0,30.0,1280.0,720.0,68.0,38.80233333333334,0.9733666666666667,91.4744961
3.0,2.0,2850.0,1.0,30.0,1280.0,720.0,100.0,inf,0.9751333333333333,87.96909600000001
3.0,1.0,2850.0,4.0,30.0,1280.0,720.0,63.636363640000006,39.52716666666667,0.9773000000000001,90.83449870000001
3.0,0.0,2850.0,4.0,30.0,1280.0,720.0,60.0,36.903666666666666,0.9603916666666664,93.75964445833336
3.0,0.0,2850.0,4.0,30.0,1280.0,720.0,76.0,38.01766666666667,0.9678666666666668,86.54494777500001
