representation_index,rebuffering_duration,video_bitrate,chunk_duration,framerate,width,height,mos,psnr,ssim,vmaf
3.0,0.0,2075.0,4.0,30.0,1280.0,720.0,66.66666666,36.06366666666666,0.9408333333333333,72.08108319166666
3.0,0.0,1850.0,1.0,30.0,1280.0,720.0,62.85714286,39.59933333333332,0.9801333333333335,90.67159746666668
3.0,0.0,2850.0,1.0,30.0,1280.0,720.0,60.0,39.59366666666667,0.9807333333333336,90.56158136666667
3.0,0.0,2850.0,1.0,30.0,1280.0,720.0,68.0,36.61133333333334,0.9518666666666667,80.85921776666666
3.0,2.0,2850.0,1.0,30.0,1280.0,720.0,100.0,inf,0.9803666666666666,90.99519069999998
3.0,1.0,2850.0,4.0,30.0,1280.0,720.0,63.636363640000006,39.52716666666667,0.9773000000000001,90.83449870000001
3.0,0.0,2850.0,4.0,30.0,1280.0,720.0,60.0,36.9035,0.9603833333333331,93.75373825000001
3.0,0.0,2850.0,4.0,30.0,1280.0,720.0,76.0,38.09641666666667,0.9705083333333334,87.62615399999999
