representation_index,rebuffering_duration,video_bitrate,chunk_duration,framerate,width,height,mos,psnr,ssim,vmaf
3.0,0.0,2075.0,4.0,30.0,1280.0,720.0,66.66666666,37.491749999999996,0.9639666666666665,83.08440053333332
3.0,0.0,1850.0,1.0,30.0,1280.0,720.0,62.85714286,39.59599999999998,0.979966666666667,90.67908789999998
3.0,0.0,2850.0,1.0,30.0,1280.0,720.0,60.0,39.59833333333334,0.9807000000000002,90.60543023333331
3.0,0.0,2850.0,1.0,30.0,1280.0,720.0,68.0,38.79600000000001,0.9732666666666668,91.45749550000001
3.0,2.0,2850.0,1.0,30.0,1280.0,720.0,100.0,inf,0.9799999999999999,91.06551536666663
3.0,1.0,2850.0,4.0,30.0,1280.0,720.0,63.636363640000006,39.52716666666667,0.9773000000000001,90.83449870000001
3.0,0.0,2850.0,4.0,30.0,1280.0,720.0,60.0,35.96216666666666,0.9455416666666665,89.11968545833332
3.0,0.0,2850.0,4.0,30.0,1280.0,720.0,76.0,38.64208333333333,0.9738583333333334,89.22161361666666
