representation_index,rebuffering_duration,video_bitrate,chunk_duration,framerate,width,height,mos,psnr,ssim,vmaf
3.0,2.0,2075.0,4.0,30.0,1280.0,720.0,66.66666666,37.031000000000006,0.9586833333333333,80.04387979999998
3.0,0.0,2850.0,1.0,30.0,1280.0,720.0,62.85714286,39.59833333333332,0.9799333333333335,90.72832173333335
3.0,0.0,2850.0,1.0,30.0,1280.0,720.0,60.0,39.597,0.9807333333333336,90.60556426666668
3.0,0.0,2850.0,1.0,30.0,1280.0,720.0,68.0,38.79966666666667,0.9733,91.4684423
3.0,0.0,1850.0,1.0,30.0,1280.0,720.0,100.0,inf,0.9800333333333332,91.09534699999999
3.0,1.0,2600.0,4.0,30.0,1280.0,720.0,63.636363640000006,37.422250000000005,0.930275,77.10660929166669
3.0,0.0,2850.0,4.0,30.0,1280.0,720.0,60.0,31.30241666666666,0.8561166666666666,58.775922333333334
3.0,0.0,2850.0,4.0,30.0,1280.0,720.0,76.0,34.70933333333333,0.9278666666666667,67.59994035833334
