representation_index,rebuffering_duration,video_bitrate,chunk_duration,framerate,width,height,mos,psnr,ssim,vmaf
3.0,0.0,2075.0,4.0,30.0,1280.0,720.0,66.66666666,37.94566666666666,0.9683499999999999,85.54807252499998
3.0,0.0,1850.0,1.0,30.0,1280.0,720.0,62.85714286,37.636,0.9667333333333332,82.80602773333334
3.0,0.0,2850.0,1.0,30.0,1280.0,720.0,60.0,39.52833333333333,0.9801666666666669,90.48629469999997
3.0,0.0,2850.0,1.0,30.0,1280.0,720.0,68.0,38.78000000000001,0.9732666666666668,91.45334959999998
3.0,2.0,2850.0,1.0,30.0,1280.0,720.0,100.0,inf,0.98,91.06962909999997
3.0,1.0,2850.0,4.0,30.0,1280.0,720.0,63.636363640000006,39.52716666666667,0.9773000000000001,90.83449870000001
3.0,0.0,2850.0,4.0,30.0,1280.0,720.0,60.0,35.98608333333333,0.9469,88.24050181666668
3.0,0.0,2850.0,4.0,30.0,1280.0,720.0,76.0,38.65516666666667,0.9739666666666668,89.17151763333334
