representation_index,rebuffering_duration,video_bitrate,chunk_duration,framerate,width,height,mos,psnr,ssim,vmaf
3.0,0.0,2075.0,4.0,30.0,1280.0,720.0,66.66666666,37.03116666666667,0.9586833333333333,80.0402337
3.0,0.0,1850.0,1.0,30.0,1280.0,720.0,62.85714286,38.72233333333334,0.9746666666666666,87.49420983333333
3.0,0.0,2850.0,1.0,30.0,1280.0,720.0,60.0,38.85733333333333,0.9760000000000001,88.04892976666669
3.0,0.0,2850.0,1.0,30.0,1280.0,720.0,68.0,38.7,0.9725000000000001,91.22214499999998
3.0,2.0,2850.0,1.0,30.0,1280.0,720.0,100.0,inf,0.9800333333333333,91.10233243333332
3.0,1.0,2850.0,4.0,30.0,1280.0,720.0,63.636363640000006,39.52716666666667,0.9773000000000001,90.83449870000001
3.0,0.0,2850.0,4.0,30.0,1280.0,720.0,60.0,36.45016666666667,0.9546583333333333,91.27240231666669
3.0,0.0,2850.0,4.0,30.0,1280.0,720.0,76.0,38.649750000000004,0.9739416666666667,89.15442571666665
