representation_index,rebuffering_duration,video_bitrate,chunk_duration,framerate,width,height,mos,psnr,ssim,vmaf
3.0,0.0,2075.0,4.0,30.0,1280.0,720.0,66.66666666,36.80533333333334,0.9574499999999999,79.11102640000001
3.0,0.0,1850.0,1.0,30.0,1280.0,720.0,62.85714286,35.90966666666666,0.9501666666666667,74.93463283333334
3.0,0.0,2850.0,1.0,30.0,1280.0,720.0,60.0,39.531333333333336,0.9802000000000002,90.44356156666667
3.0,0.0,2850.0,1.0,30.0,1280.0,720.0,68.0,38.77833333333334,0.9733,91.48594566666667
3.0,2.0,2850.0,1.0,30.0,1280.0,720.0,100.0,inf,0.9799333333333332,91.06526916666665
3.0,1.0,2850.0,4.0,30.0,1280.0,720.0,63.636363640000006,39.52716666666667,0.9773000000000001,90.83449870000001
3.0,0.0,2850.0,4.0,30.0,1280.0,720.0,60.0,36.45016666666667,0.9546583333333333,91.27240231666669
3.0,0.0,2850.0,4.0,30.0,1280.0,720.0,76.0,38.649750000000004,0.9739416666666667,89.15442571666665
