representation_index,rebuffering_duration,video_bitrate,chunk_duration,framerate,width,height,mos,psnr,ssim,vmaf
3.0,2.0,2075.0,4.0,30.0,1280.0,720.0,66.66666666,37.17816666666667,0.9620083333333332,81.57387705833332
3.0,0.0,2850.0,1.0,30.0,1280.0,720.0,62.85714286,35.855333333333334,0.9492999999999999,74.61551906666666
3.0,0.0,2850.0,1.0,30.0,1280.0,720.0,60.0,39.51366666666667,0.9801333333333334,90.39982106666665
3.0,0.0,2850.0,1.0,30.0,1280.0,720.0,68.0,38.78300000000001,0.9732333333333334,91.43136923333333
3.0,0.0,1850.0,1.0,30.0,1280.0,720.0,100.0,inf,0.9750999999999999,87.92294489999996
3.0,1.0,2600.0,4.0,30.0,1280.0,720.0,63.636363640000006,39.06333333333333,0.9748000000000001,90.23318411666668
3.0,0.0,2850.0,4.0,30.0,1280.0,720.0,60.0,36.903666666666666,0.9603916666666664,93.75964445833336
3.0,0.0,2850.0,4.0,30.0,1280.0,720.0,76.0,38.643499999999996,0.9738416666666667,89.21554146666665
