representation_index,rebuffering_duration,video_bitrate,chunk_duration,framerate,width,height,mos,psnr,ssim,vmaf
3.0,2.0,2075.0,4.0,30.0,1280.0,720.0,66.66666666,37.844,0.9671499999999998,84.96881595833334
3.0,0.0,2850.0,1.0,30.0,1280.0,720.0,62.85714286,32.081999999999994,0.8884333333333333,47.52796926666669
3.0,0.0,2850.0,1.0,30.0,1280.0,720.0,60.0,39.607000000000006,0.9808333333333336,90.49316340000001
3.0,0.0,2850.0,1.0,30.0,1280.0,720.0,68.0,38.803333333333335,0.9735,91.49472273333335
3.0,0.0,1850.0,1.0,30.0,1280.0,720.0,100.0,inf,0.9750666666666666,87.92861923333331
3.0,1.0,2600.0,4.0,30.0,1280.0,720.0,63.636363640000006,37.14758333333333,0.9617333333333332,85.24561416666666
3.0,0.0,2850.0,4.0,30.0,1280.0,720.0,60.0,36.903666666666666,0.9603916666666664,93.75964445833336
3.0,0.0,2850.0,4.0,30.0,1280.0,720.0,76.0,38.4325,0.9725166666666667,88.51518544166666
